method,system,d_site,N,n_qubits,n_qutrits,hybrid_label,K,fidelity_mean,fidelity_std,setting_size
DSATUR,qubit,2,2,2,0,,1,0.758212126,0.046349505,3
DSATUR,qubit,2,2,2,0,,2,0.794984441,0.059521825,3
DSATUR,qubit,2,2,2,0,,3,0.876575504,0.053640772,3
DSATUR,qubit,2,2,2,0,,4,0.943951759,0.029165099,3
DSATUR,qubit,2,2,2,0,,5,1.000000005,2.37E-09,3
DSATUR,qubit,2,3,3,0,,1,0.585518795,0.046382853,7
DSATUR,qubit,2,3,3,0,,2,0.642244605,0.0347159,7
DSATUR,qubit,2,3,3,0,,3,0.69609063,0.025631879,7
DSATUR,qubit,2,3,3,0,,4,0.736928201,0.052237014,6
DSATUR,qubit,2,3,3,0,,5,0.798158045,0.052731644,6
DSATUR,qubit,2,3,3,0,,6,0.859580453,0.056244042,6
DSATUR,qubit,2,3,3,0,,7,0.891511921,0.047068358,6
DSATUR,qubit,2,3,3,0,,8,0.946912657,0.041124592,4
DSATUR,qubit,2,3,3,0,,9,0.984722057,0.027428866,4
DSATUR,qubit,2,3,3,0,,10,0.999839503,0.032118382,3
DSATUR,qubit,2,4,4,0,,1,0.446821591,0.025718314,15
DSATUR,qubit,2,4,4,0,,2,0.494265652,0.017395269,15
DSATUR,qubit,2,4,4,0,,3,0.532139087,0.024654831,14
DSATUR,qubit,2,4,4,0,,4,0.557689541,0.030843143,14
DSATUR,qubit,2,4,4,0,,5,0.587269165,0.027126037,13
DSATUR,qubit,2,4,4,0,,6,0.615149321,0.025776652,13
DSATUR,qubit,2,4,4,0,,7,0.634434123,0.022796516,13
DSATUR,qubit,2,4,4,0,,8,0.654900734,0.019964494,12
DSATUR,qubit,2,4,4,0,,9,0.676740424,0.023145324,11
DSATUR,qubit,2,4,4,0,,10,0.698317239,0.026982307,11
DSATUR,qubit,2,4,4,0,,11,0.715693259,0.025682438,10
DSATUR,qubit,2,4,4,0,,12,0.729304968,0.027651763,10
DSATUR,qubit,2,4,4,0,,13,0.75250141,0.026663598,10
DSATUR,qubit,2,4,4,0,,14,0.77001045,0.023497007,10
DSATUR,qubit,2,4,4,0,,15,0.789907993,0.024488971,9
DSATUR,qubit,2,4,4,0,,16,0.803091828,0.027747985,9
DSATUR,qubit,2,4,4,0,,17,0.822080953,0.02626355,9
DSATUR,qubit,2,4,4,0,,18,0.839348592,0.029102208,8
DSATUR,qubit,2,4,4,0,,19,0.862981599,0.022975138,7
DSATUR,qubit,2,4,4,0,,20,0.883941143,0.023700754,7
DSATUR,qubit,2,4,4,0,,21,0.911189121,0.019522446,6
DSATUR,qubit,2,4,4,0,,22,0.930461167,0.023717672,6
DSATUR,qubit,2,4,4,0,,23,0.942461165,0.02371767,5
DSATUR,qubit,2,4,4,0,,24,0.958195456,0.019787824,4
DSATUR,qubit,2,4,4,0,,25,0.969963829,0.023646502,4
DSATUR,qubit,2,4,4,0,,26,0.979963831,0.023646502,3
DSATUR,qubit,2,4,4,0,,27,0.986963827,0.023646502,3
DSATUR,qubit,2,4,4,0,,28,0.993828898,0.023646504,2
DSATUR,qubit,2,4,4,0,,29,1.000000031,2.87E-09,2
DSATUR,qubit,2,5,5,0,,1,0.313751864,0.012616681,31
DSATUR,qubit,2,5,5,0,,2,0.348938937,0.013579905,31
DSATUR,qubit,2,5,5,0,,3,0.383583044,0.012114671,30
DSATUR,qubit,2,5,5,0,,4,0.406465138,0.010984907,29
DSATUR,qubit,2,5,5,0,,5,0.423175529,0.011619168,28
DSATUR,qubit,2,5,5,0,,6,0.43634618,0.009017162,28
DSATUR,qubit,2,5,5,0,,7,0.454328317,0.013959244,27
DSATUR,qubit,2,5,5,0,,8,0.468830066,0.011705625,26
DSATUR,qubit,2,5,5,0,,9,0.483213711,0.014086731,25
DSATUR,qubit,2,5,5,0,,10,0.496578309,0.011773715,25
DSATUR,qubit,2,5,5,0,,11,0.506996423,0.011428628,25
DSATUR,qubit,2,5,5,0,,12,0.521110213,0.010861899,25
DSATUR,qubit,2,5,5,0,,13,0.543565626,0.010927531,24
DSATUR,qubit,2,5,5,0,,14,0.5529211,0.010778682,23
DSATUR,qubit,2,5,5,0,,15,0.567927673,0.009232596,23
DSATUR,qubit,2,5,5,0,,16,0.570403491,0.010739223,23
DSATUR,qubit,2,5,5,0,,17,0.586201975,0.011233763,22
DSATUR,qubit,2,5,5,0,,18,0.596397721,0.010198311,21
DSATUR,qubit,2,5,5,0,,19,0.604699957,0.010032706,21
DSATUR,qubit,2,5,5,0,,20,0.615302964,0.011439658,20
DSATUR,qubit,2,5,5,0,,21,0.626273785,0.010911481,20
DSATUR,qubit,2,5,5,0,,22,0.631588373,0.009991342,19
DSATUR,qubit,2,5,5,0,,23,0.642929166,0.009947565,18
DSATUR,qubit,2,5,5,0,,24,0.65881214,0.009825671,17
DSATUR,qubit,2,5,5,0,,25,0.66432189,0.00932257,17
DSATUR,qubit,2,5,5,0,,26,0.674991231,0.008020109,16
DSATUR,qubit,2,5,5,0,,27,0.685553011,0.007169077,16
DSATUR,qubit,2,5,5,0,,28,0.6996272,0.007451285,16
DSATUR,qubit,2,5,5,0,,29,0.710961851,0.008713031,16
DSATUR,qubit,2,5,5,0,,30,0.721924947,0.011955837,16
DSATUR,qubit,2,5,5,0,,31,0.736881195,0.013267522,15
DSATUR,qubit,2,5,5,0,,32,0.746969677,0.013566792,14
DSATUR,qubit,2,5,5,0,,33,0.75842685,0.014650193,14
DSATUR,qubit,2,5,5,0,,34,0.761415496,0.015554153,13
DSATUR,qubit,2,5,5,0,,35,0.77233816,0.014831183,13
DSATUR,qubit,2,5,5,0,,36,0.789311169,0.014943909,13
DSATUR,qubit,2,5,5,0,,37,0.804461988,0.014369811,13
DSATUR,qubit,2,5,5,0,,38,0.813155819,0.014291763,13
DSATUR,qubit,2,5,5,0,,39,0.823277094,0.011447248,13
DSATUR,qubit,2,5,5,0,,40,0.834787661,0.010479002,12
DSATUR,qubit,2,5,5,0,,41,0.845493255,0.008112066,12
DSATUR,qubit,2,5,5,0,,42,0.85933531,0.00670368,12
DSATUR,qubit,2,5,5,0,,43,0.861223721,0.008590211,12
DSATUR,qubit,2,5,5,0,,44,0.872983097,0.009656389,11
DSATUR,qubit,2,5,5,0,,45,0.884073522,0.012342762,10
DSATUR,qubit,2,5,5,0,,46,0.899541555,0.010887798,10
DSATUR,qubit,2,5,5,0,,47,0.914867684,0.011094751,10
DSATUR,qubit,2,5,5,0,,48,0.92361575,0.012803976,10
DSATUR,qubit,2,5,5,0,,49,0.9397034,0.007511884,10
DSATUR,qubit,2,5,5,0,,50,0.95870113,0.01217677,9
DSATUR,qubit,2,5,5,0,,51,0.96752746,0.014927302,9
DSATUR,qubit,2,5,5,0,,52,0.97527465,0.0149273,9
DSATUR,qubit,2,5,5,0,,53,0.982752746,0.014927302,8
DSATUR,qubit,2,5,5,0,,54,0.98746473,3.04E-09,8
DSATUR,qubit,2,5,5,0,,55,0.995664432,3.57E-09,8
DSATUR,qubit,2,5,5,0,,56,0.998664432,4.13E-09,6
DSATUR,qubit,2,5,5,0,,57,0.999188344,5.36E-09,6
DSATUR,qubit,2,5,5,0,,58,0.999571808,3.70E-09,6
DSATUR,qubit,2,5,5,0,,59,1.000000056,3.30E-09,3
DSATUR,qubit,2,5,5,0,,60,1.000000058,4.16E-09,3
DSATUR,qubit,2,5,5,0,,61,1.000000057,4.59E-09,3
DSATUR,qutrit,3,2,0,2,,1,0.570292305,0.027082749,5
DSATUR,qutrit,3,2,0,2,,2,0.60543684,0.024457558,4
DSATUR,qutrit,3,2,0,2,,3,0.633797578,0.020466077,4
DSATUR,qutrit,3,2,0,2,,4,0.660451034,0.030790499,4
DSATUR,qutrit,3,2,0,2,,5,0.692604248,0.030336903,4
DSATUR,qutrit,3,2,0,2,,6,0.712468796,0.034452145,4
DSATUR,qutrit,3,2,0,2,,7,0.723924764,0.040036435,3
DSATUR,qutrit,3,2,0,2,,8,0.745291707,0.043703485,3
DSATUR,qutrit,3,2,0,2,,9,0.767332793,0.046056902,3
DSATUR,qutrit,3,2,0,2,,10,0.786945554,0.042354237,3
DSATUR,qutrit,3,2,0,2,,11,0.801768549,0.047234719,3
DSATUR,qutrit,3,2,0,2,,12,0.823777607,0.048900109,3
DSATUR,qutrit,3,2,0,2,,13,0.845784607,0.04813187,3
DSATUR,qutrit,3,2,0,2,,14,0.867977226,0.044150088,3
DSATUR,qutrit,3,2,0,2,,15,0.889027823,0.040025994,3
DSATUR,qutrit,3,2,0,2,,16,0.906205832,0.037864097,2
DSATUR,qutrit,3,2,0,2,,17,0.917207244,0.043031173,2
DSATUR,qutrit,3,2,0,2,,18,0.920015458,0.043238322,2
DSATUR,qutrit,3,2,0,2,,19,0.932500888,0.03787903,2
DSATUR,qutrit,3,2,0,2,,20,0.943137378,0.04216036,2
DSATUR,qutrit,3,2,0,2,,21,0.954419294,0.043552549,2
DSATUR,qutrit,3,2,0,2,,22,0.962752346,0.044708279,2
DSATUR,qutrit,3,2,0,2,,23,0.975349567,0.037241583,2
DSATUR,qutrit,3,2,0,2,,24,0.992763231,0.019778691,2
DSATUR,qutrit,3,2,0,2,,25,0.991027713,0.021484061,2
DSATUR,qutrit,3,2,0,2,,26,0.992118245,0.022128085,2
DSATUR,qutrit,3,2,0,2,,27,0.992832471,0.014319474,2
DSATUR,qutrit,3,2,0,2,,28,0.994992289,0.020244223,2
DSATUR,qutrit,3,2,0,2,,29,1.000000018,2.69E-09,2
DSATUR,qutrit,3,3,0,3,,1,0.33413109,0.012835927,11
DSATUR,qutrit,3,3,0,3,,2,0.383005177,0.022028775,11
DSATUR,qutrit,3,3,0,3,,3,0.409357409,0.024020046,10
DSATUR,qutrit,3,3,0,3,,4,0.424493157,0.022084951,10
DSATUR,qutrit,3,3,0,3,,5,0.436891977,0.024069245,9
DSATUR,qutrit,3,3,0,3,,6,0.447845023,0.020190863,9
DSATUR,qutrit,3,3,0,3,,7,0.464316276,0.021407405,9
DSATUR,qutrit,3,3,0,3,,8,0.474872368,0.017726103,8
DSATUR,qutrit,3,3,0,3,,9,0.482728665,0.017225614,8
DSATUR,qutrit,3,3,0,3,,10,0.494506758,0.018901989,8
DSATUR,qutrit,3,3,0,3,,11,0.506164613,0.017594729,8
DSATUR,qutrit,3,3,0,3,,12,0.514159441,0.019896664,8
DSATUR,qutrit,3,3,0,3,,13,0.516810082,0.019165836,8
DSATUR,qutrit,3,3,0,3,,14,0.521988831,0.019037838,8
DSATUR,qutrit,3,3,0,3,,15,0.526870326,0.01487861,8
DSATUR,qutrit,3,3,0,3,,16,0.529578053,0.01472121,7
DSATUR,qutrit,3,3,0,3,,17,0.535808012,0.016703721,7
DSATUR,qutrit,3,3,0,3,,18,0.539732874,0.013869057,7
DSATUR,qutrit,3,3,0,3,,19,0.547147125,0.012900821,7
DSATUR,qutrit,3,3,0,3,,20,0.551217672,0.011567367,7
DSATUR,qutrit,3,3,0,3,,21,0.561186096,0.014792599,7
DSATUR,qutrit,3,3,0,3,,22,0.568831182,0.012699294,7
DSATUR,qutrit,3,3,0,3,,23,0.576471001,0.014759531,7
DSATUR,qutrit,3,3,0,3,,24,0.583557729,0.016894238,7
DSATUR,qutrit,3,3,0,3,,25,0.587076254,0.016229089,7
DSATUR,qutrit,3,3,0,3,,26,0.589622982,0.015072549,7
DSATUR,qutrit,3,3,0,3,,27,0.594560052,0.014250544,7
DSATUR,qutrit,3,3,0,3,,28,0.598094188,0.015223542,7
DSATUR,qutrit,3,3,0,3,,29,0.602465759,0.012550258,6
DSATUR,qutrit,3,3,0,3,,30,0.604652931,0.011822068,6
DSATUR,qutrit,3,3,0,3,,31,0.612199252,0.013713866,6
DSATUR,qutrit,3,3,0,3,,32,0.621535742,0.008367328,6
DSATUR,qutrit,3,3,0,3,,33,0.624985352,0.007454771,6
DSATUR,qutrit,3,3,0,3,,34,0.627760873,0.007116443,6
DSATUR,qutrit,3,3,0,3,,35,0.630453014,0.007376793,6
DSATUR,qutrit,3,3,0,3,,36,0.632949714,0.009404456,6
DSATUR,qutrit,3,3,0,3,,37,0.635442727,0.009482643,6
DSATUR,qutrit,3,3,0,3,,38,0.64169461,0.009421824,6
DSATUR,qutrit,3,3,0,3,,39,0.642843934,0.008531318,6
DSATUR,qutrit,3,3,0,3,,40,0.64492307,0.009186085,6
DSATUR,qutrit,3,3,0,3,,41,0.647169462,0.010790852,6
DSATUR,qutrit,3,3,0,3,,42,0.650310474,0.008970036,6
DSATUR,qutrit,3,3,0,3,,43,0.653178692,0.008318276,6
DSATUR,qutrit,3,3,0,3,,44,0.654178693,0.008318274,6
DSATUR,qutrit,3,3,0,3,,45,0.655900154,0.007192571,6
DSATUR,qutrit,3,3,0,3,,46,0.658801999,0.007542521,6
DSATUR,qutrit,3,3,0,3,,47,0.662211382,0.007205042,6
DSATUR,qutrit,3,3,0,3,,48,0.665600501,0.005682131,6
DSATUR,qutrit,3,3,0,3,,49,0.66808932,0.005688283,6
DSATUR,qutrit,3,3,0,3,,50,0.672569249,0.006860877,6
DSATUR,qutrit,3,3,0,3,,51,0.675105382,0.006783973,6
DSATUR,qutrit,3,3,0,3,,52,0.677879882,0.007470885,6
DSATUR,qutrit,3,3,0,3,,53,0.680277967,0.005559267,6
DSATUR,qutrit,3,3,0,3,,54,0.686847305,0.005148114,6
DSATUR,qutrit,3,3,0,3,,55,0.690813364,0.005629118,6
DSATUR,qutrit,3,3,0,3,,56,0.696056853,0.006694294,6
DSATUR,qutrit,3,3,0,3,,57,0.698959109,0.006063511,6
DSATUR,qutrit,3,3,0,3,,58,0.704863472,0.007998892,6
DSATUR,qutrit,3,3,0,3,,59,0.713848529,0.008033923,6
DSATUR,qutrit,3,3,0,3,,60,0.716424965,0.007634135,6
DSATUR,qutrit,3,3,0,3,,61,0.719691002,0.010925888,6
DSATUR,qutrit,3,3,0,3,,62,0.725118785,0.012819877,6
DSATUR,qutrit,3,3,0,3,,63,0.727063697,0.012369554,6
DSATUR,qutrit,3,3,0,3,,64,0.729926492,0.01283624,6
DSATUR,qutrit,3,3,0,3,,65,0.732496142,0.012244744,6
DSATUR,qutrit,3,3,0,3,,66,0.733917637,0.012710512,6
DSATUR,qutrit,3,3,0,3,,67,0.73791762,0.012710542,6
DSATUR,qutrit,3,3,0,3,,68,0.742697067,0.014428185,5
DSATUR,qutrit,3,3,0,3,,69,0.748889396,0.015756737,5
DSATUR,qutrit,3,3,0,3,,70,0.754659633,0.016281684,5
DSATUR,qutrit,3,3,0,3,,71,0.758604182,0.017082369,5
DSATUR,qutrit,3,3,0,3,,72,0.760267172,0.02301894,5
DSATUR,qutrit,3,3,0,3,,73,0.763695712,0.022603133,5
DSATUR,qutrit,3,3,0,3,,74,0.768066365,0.023569486,5
DSATUR,qutrit,3,3,0,3,,75,0.77229585,0.023513835,5
DSATUR,qutrit,3,3,0,3,,76,0.778295847,0.023513836,5
DSATUR,qutrit,3,3,0,3,,77,0.78295847,0.023513837,5
DSATUR,qutrit,3,3,0,3,,78,0.788295849,0.023513838,5
DSATUR,qutrit,3,3,0,3,,79,0.792782958,0.023513836,5
DSATUR,qutrit,3,3,0,3,,80,0.798314118,0.024547375,5
DSATUR,qutrit,3,3,0,3,,81,0.80278627,0.024460578,5
DSATUR,qutrit,3,3,0,3,,82,0.809787042,0.024773216,5
DSATUR,qutrit,3,3,0,3,,83,0.814787042,0.024773217,5
DSATUR,qutrit,3,3,0,3,,84,0.817789129,0.025525343,4
DSATUR,qutrit,3,3,0,3,,85,0.821791713,0.022069777,4
DSATUR,qutrit,3,3,0,3,,86,0.826794964,0.022126007,4
DSATUR,qutrit,3,3,0,3,,87,0.832797676,0.021176357,4
DSATUR,qutrit,3,3,0,3,,88,0.838004599,0.020796807,4
DSATUR,qutrit,3,3,0,3,,89,0.843019894,0.020145523,4
DSATUR,qutrit,3,3,0,3,,90,0.847058314,0.018575972,4
DSATUR,qutrit,3,3,0,3,,91,0.850934179,0.01902445,4
DSATUR,qutrit,3,3,0,3,,92,0.855138919,0.017737936,4
DSATUR,qutrit,3,3,0,3,,93,0.860159708,0.019021805,4
DSATUR,qutrit,3,3,0,3,,94,0.866920306,0.016395346,4
DSATUR,qutrit,3,3,0,3,,95,0.872088299,0.016499738,4
DSATUR,qutrit,3,3,0,3,,96,0.882961222,0.021647925,4
DSATUR,qutrit,3,3,0,3,,97,0.887309407,0.021873782,4
DSATUR,qutrit,3,3,0,3,,98,0.891369,0.025270374,4
DSATUR,qutrit,3,3,0,3,,99,0.894411723,0.027254728,4
DSATUR,qutrit,3,3,0,3,,100,0.901845715,0.02833144,4
DSATUR,qutrit,3,3,0,3,,101,0.906457145,0.028331442,4
DSATUR,qutrit,3,3,0,3,,102,0.910490917,0.031326265,4
DSATUR,qutrit,3,3,0,3,,103,0.915855039,0.030212544,4
DSATUR,qutrit,3,3,0,3,,104,0.919857738,0.029856038,4
DSATUR,qutrit,3,3,0,3,,105,0.924862784,0.029517395,4
DSATUR,qutrit,3,3,0,3,,106,0.928868889,0.030192326,4
DSATUR,qutrit,3,3,0,3,,107,0.933721733,0.026384657,4
DSATUR,qutrit,3,3,0,3,,108,0.937761548,0.024960789,4
DSATUR,qutrit,3,3,0,3,,109,0.943840793,0.025481014,4
DSATUR,qutrit,3,3,0,3,,110,0.948838074,0.024218807,4
DSATUR,qutrit,3,3,0,3,,111,0.953959698,0.025291679,4
DSATUR,qutrit,3,3,0,3,,112,0.957120291,0.026859652,4
DSATUR,qutrit,3,3,0,3,,113,0.96027818,0.022111753,4
DSATUR,qutrit,3,3,0,3,,114,0.965342121,0.016735278,4
DSATUR,qutrit,3,3,0,3,,115,0.969458616,0.0141189,4
DSATUR,qutrit,3,3,0,3,,116,0.974564599,0.011282454,4
DSATUR,qutrit,3,3,0,3,,117,0.978659754,0.01106908,4
DSATUR,qutrit,3,3,0,3,,118,0.983704965,0.006637673,4
DSATUR,qutrit,3,3,0,3,,119,0.987217472,0.008387804,4
DSATUR,qutrit,3,3,0,3,,120,0.991240319,0.008554599,4
DSATUR,qutrit,3,3,0,3,,121,0.99240324,0.008554597,4
DSATUR,qutrit,3,3,0,3,,122,0.995240319,0.008554596,4
DSATUR,qutrit,3,3,0,3,,123,0.997240322,0.008554596,4
DSATUR,qutrit,3,3,0,3,,124,0.99824032,0.0085546,4
DSATUR,qutrit,3,3,0,3,,125,0.999124032,0.0085546,3
DSATUR,qutrit,3,3,0,3,,126,1.000000048,2.44E-09,3
DSATUR,qutrit,3,3,0,3,,127,1.00000005,2.44E-09,2
DSATUR,qutrit,3,3,0,3,,128,1.000000049,2.51E-09,2
DSATUR,hybrid,,,1,1,1q⊗1t,1,0.651611715,0.02271143,5
DSATUR,hybrid,,,1,1,1q⊗1t,2,0.71567634,0.023121731,4
DSATUR,hybrid,,,1,1,1q⊗1t,3,0.768166373,0.030142722,4
DSATUR,hybrid,,,1,1,1q⊗1t,4,0.784914697,0.022534644,3
DSATUR,hybrid,,,1,1,1q⊗1t,5,0.823338828,0.049856528,3
DSATUR,hybrid,,,1,1,1q⊗1t,6,0.845906005,0.060723856,2
DSATUR,hybrid,,,1,1,1q⊗1t,7,0.878727517,0.056932925,2
DSATUR,hybrid,,,1,1,1q⊗1t,8,0.911661783,0.031550975,2
DSATUR,hybrid,,,1,1,1q⊗1t,9,0.92199431,0.029897671,2
DSATUR,hybrid,,,1,1,1q⊗1t,10,0.945390984,0.019230344,2
DSATUR,hybrid,,,1,1,1q⊗1t,11,0.967551608,0.022249122,2
DSATUR,hybrid,,,1,1,1q⊗1t,12,0.987800186,0.016881014,2
DSATUR,hybrid,,,1,1,1q⊗1t,13,1.000000011,5.23E-09,2
DSATUR,hybrid,,,1,2,1q⊗2t,1,0.420067244,0.021360697,12
DSATUR,hybrid,,,1,2,1q⊗2t,2,0.465436741,0.037087784,9
DSATUR,hybrid,,,1,2,1q⊗2t,3,0.502545612,0.040820134,9
DSATUR,hybrid,,,1,2,1q⊗2t,4,0.52172912,0.03423417,8
DSATUR,hybrid,,,1,2,1q⊗2t,5,0.535919133,0.033706908,8
DSATUR,hybrid,,,1,2,1q⊗2t,6,0.540462143,0.032654583,8
DSATUR,hybrid,,,1,2,1q⊗2t,7,0.550911967,0.034475773,8
DSATUR,hybrid,,,1,2,1q⊗2t,8,0.56955828,0.034070037,7
DSATUR,hybrid,,,1,2,1q⊗2t,9,0.578659051,0.032857593,6
DSATUR,hybrid,,,1,2,1q⊗2t,10,0.586617266,0.032799997,6
DSATUR,hybrid,,,1,2,1q⊗2t,11,0.594458413,0.03571488,6
DSATUR,hybrid,,,1,2,1q⊗2t,12,0.60611261,0.036210542,6
DSATUR,hybrid,,,1,2,1q⊗2t,13,0.621536516,0.026034552,6
DSATUR,hybrid,,,1,2,1q⊗2t,14,0.625460017,0.024929284,6
DSATUR,hybrid,,,1,2,1q⊗2t,15,0.635670816,0.028834292,6
DSATUR,hybrid,,,1,2,1q⊗2t,16,0.643924806,0.025100592,6
DSATUR,hybrid,,,1,2,1q⊗2t,17,0.656964839,0.025344967,6
DSATUR,hybrid,,,1,2,1q⊗2t,18,0.667008245,0.025992388,5
DSATUR,hybrid,,,1,2,1q⊗2t,19,0.676719225,0.025205268,5
DSATUR,hybrid,,,1,2,1q⊗2t,20,0.693446229,0.022738953,5
DSATUR,hybrid,,,1,2,1q⊗2t,21,0.705831366,0.033076374,5
DSATUR,hybrid,,,1,2,1q⊗2t,22,0.711138193,0.031571977,5
DSATUR,hybrid,,,1,2,1q⊗2t,23,0.723497062,0.025145172,5
DSATUR,hybrid,,,1,2,1q⊗2t,24,0.730491541,0.024321624,5
DSATUR,hybrid,,,1,2,1q⊗2t,25,0.731875418,0.023304337,5
DSATUR,hybrid,,,1,2,1q⊗2t,26,0.735036834,0.022133017,5
DSATUR,hybrid,,,1,2,1q⊗2t,27,0.736235585,0.023340846,5
DSATUR,hybrid,,,1,2,1q⊗2t,28,0.74049308,0.024157501,4
DSATUR,hybrid,,,1,2,1q⊗2t,29,0.74626994,0.020463702,4
DSATUR,hybrid,,,1,2,1q⊗2t,30,0.758162398,0.018573729,4
DSATUR,hybrid,,,1,2,1q⊗2t,31,0.761347818,0.017705249,4
DSATUR,hybrid,,,1,2,1q⊗2t,32,0.768887591,0.019298364,4
DSATUR,hybrid,,,1,2,1q⊗2t,33,0.774779122,0.02231056,4
DSATUR,hybrid,,,1,2,1q⊗2t,34,0.781765771,0.022060073,4
DSATUR,hybrid,,,1,2,1q⊗2t,35,0.788414975,0.01946873,4
DSATUR,hybrid,,,1,2,1q⊗2t,36,0.811421952,0.023700868,4
DSATUR,hybrid,,,1,2,1q⊗2t,37,0.815003516,0.022799966,4
DSATUR,hybrid,,,1,2,1q⊗2t,38,0.823889408,0.024506704,4
DSATUR,hybrid,,,1,2,1q⊗2t,39,0.825327104,0.025423664,4
DSATUR,hybrid,,,1,2,1q⊗2t,40,0.83423088,0.021422861,4
DSATUR,hybrid,,,1,2,1q⊗2t,41,0.84358116,0.022121968,4
DSATUR,hybrid,,,1,2,1q⊗2t,42,0.847591947,0.023915323,4
DSATUR,hybrid,,,1,2,1q⊗2t,43,0.854411862,0.024809596,4
DSATUR,hybrid,,,1,2,1q⊗2t,44,0.857345976,0.026285981,4
DSATUR,hybrid,,,1,2,1q⊗2t,45,0.879243601,0.024484534,4
DSATUR,hybrid,,,1,2,1q⊗2t,46,0.885438629,0.029658455,4
DSATUR,hybrid,,,1,2,1q⊗2t,47,0.903187651,0.021073215,4
DSATUR,hybrid,,,1,2,1q⊗2t,48,0.910934001,0.020143838,4
DSATUR,hybrid,,,1,2,1q⊗2t,49,0.927838344,0.022280116,4
DSATUR,hybrid,,,1,2,1q⊗2t,50,0.937781625,0.015101699,4
DSATUR,hybrid,,,1,2,1q⊗2t,51,0.943778163,0.015101699,4
DSATUR,hybrid,,,1,2,1q⊗2t,52,0.949377816,0.015101695,4
DSATUR,hybrid,,,1,2,1q⊗2t,53,0.953778163,0.015101695,4
DSATUR,hybrid,,,1,2,1q⊗2t,54,0.958377816,0.015101695,4
DSATUR,hybrid,,,1,2,1q⊗2t,55,0.964291492,0.010050594,4
DSATUR,hybrid,,,1,2,1q⊗2t,56,0.975266895,0.011568639,4
DSATUR,hybrid,,,1,2,1q⊗2t,57,0.985266895,0.011568637,4
DSATUR,hybrid,,,1,2,1q⊗2t,58,0.996813813,0.011316296,3
DSATUR,hybrid,,,1,2,1q⊗2t,59,0.997616522,0.015173295,3
DSATUR,hybrid,,,1,2,1q⊗2t,60,0.998465977,0.016706299,3
DSATUR,hybrid,,,1,2,1q⊗2t,61,1.000000033,3.35E-09,3
DSATUR,hybrid,,,1,2,1q⊗2t,62,1.000000035,4.55E-09,3
DSATUR,hybrid,,,1,2,1q⊗2t,63,1.000000035,4.10E-09,3
DSATUR,hybrid,,,1,2,1q⊗2t,64,1.000000035,3.94E-09,3
DSATUR,hybrid,,,1,2,1q⊗2t,65,1.000000035,3.52E-09,3
DSATUR,hybrid,,,1,2,1q⊗2t,66,1.000000035,4.16E-09,3
DSATUR,hybrid,,,1,2,1q⊗2t,67,1.000000035,3.59E-09,2
DSATUR,hybrid,,,1,2,1q⊗2t,68,1.000000034,3.75E-09,1
DSATUR,hybrid,,,2,1,2q⊗1t,1,0.489703202,0.026654825,10
DSATUR,hybrid,,,2,1,2q⊗1t,2,0.536907133,0.033221328,9
DSATUR,hybrid,,,2,1,2q⊗1t,3,0.581366371,0.040897151,8
DSATUR,hybrid,,,2,1,2q⊗1t,4,0.625527561,0.029032869,8
DSATUR,hybrid,,,2,1,2q⊗1t,5,0.658832943,0.027420086,8
DSATUR,hybrid,,,2,1,2q⊗1t,6,0.676784511,0.03109627,7
DSATUR,hybrid,,,2,1,2q⊗1t,7,0.712467724,0.027851917,7
DSATUR,hybrid,,,2,1,2q⊗1t,8,0.730913659,0.028848165,6
DSATUR,hybrid,,,2,1,2q⊗1t,9,0.744479316,0.027568593,6
DSATUR,hybrid,,,2,1,2q⊗1t,10,0.759042515,0.027905004,5
DSATUR,hybrid,,,2,1,2q⊗1t,11,0.765676124,0.030848994,5
DSATUR,hybrid,,,2,1,2q⊗1t,12,0.775580697,0.036943908,5
DSATUR,hybrid,,,2,1,2q⊗1t,13,0.788494944,0.05007882,5
DSATUR,hybrid,,,2,1,2q⊗1t,14,0.794208886,0.046489218,4
DSATUR,hybrid,,,2,1,2q⊗1t,15,0.812672597,0.037087142,4
DSATUR,hybrid,,,2,1,2q⊗1t,16,0.824837595,0.030557646,4
DSATUR,hybrid,,,2,1,2q⊗1t,17,0.832628514,0.030961647,4
DSATUR,hybrid,,,2,1,2q⊗1t,18,0.850025315,0.025914455,4
DSATUR,hybrid,,,2,1,2q⊗1t,19,0.873167476,0.028718494,4
DSATUR,hybrid,,,2,1,2q⊗1t,20,0.887897514,0.0285172,4
DSATUR,hybrid,,,2,1,2q⊗1t,21,0.916782081,0.028876885,4
DSATUR,hybrid,,,2,1,2q⊗1t,22,0.935154846,0.028666764,4
DSATUR,hybrid,,,2,1,2q⊗1t,23,0.945478648,0.02935757,3
DSATUR,hybrid,,,2,1,2q⊗1t,24,0.97674816,0.036800179,3
DSATUR,hybrid,,,2,1,2q⊗1t,25,0.98674816,0.036800177,3
DSATUR,hybrid,,,2,1,2q⊗1t,26,0.990674816,0.036800177,3
DSATUR,hybrid,,,2,1,2q⊗1t,27,0.99674816,0.036800178,3
DSATUR,hybrid,,,2,1,2q⊗1t,28,1.000000022,6.02E-09,3
SC,qubit,2,2,2,0,,1,0.746656213,0.022197118,3
SC,qubit,2,2,2,0,,2,0.791948189,0.046700028,2
SC,qubit,2,2,2,0,,3,0.834195276,0.069275222,2
SC,qubit,2,2,2,0,,4,0.873826517,0.058492897,2
SC,qubit,2,2,2,0,,5,0.934815691,0.055901504,2
SC,qubit,2,2,2,0,,6,0.979680653,0.061384561,2
SC,qubit,2,2,2,0,,7,1.000000003,3.28E-09,2
SC,qubit,2,3,3,0,,1,0.579924304,0.028467171,7
SC,qubit,2,3,3,0,,2,0.616817365,0.0179273,4
SC,qubit,2,3,3,0,,3,0.651335363,0.023729181,4
SC,qubit,2,3,3,0,,4,0.698232875,0.054598575,4
SC,qubit,2,3,3,0,,5,0.725359531,0.04971202,4
SC,qubit,2,3,3,0,,6,0.769521797,0.055648944,4
SC,qubit,2,3,3,0,,7,0.79911821,0.057063363,4
SC,qubit,2,3,3,0,,8,0.830237629,0.052257846,4
SC,qubit,2,3,3,0,,9,0.863188177,0.044465239,4
SC,qubit,2,3,3,0,,10,0.893875134,0.043282457,4
SC,qubit,2,3,3,0,,11,0.917536845,0.045084512,4
SC,qubit,2,3,3,0,,12,0.937279979,0.035467485,3
SC,qubit,2,3,3,0,,13,0.95289365,0.039897179,3
SC,qubit,2,3,3,0,,14,0.961577146,0.036288622,3
SC,qubit,2,3,3,0,,15,0.983802564,0.033994547,3
SC,qubit,2,3,3,0,,16,0.996702369,0.022216823,2
SC,qubit,2,3,3,0,,17,1.000000011,4.05E-09,2
SC,qubit,2,4,4,0,,1,0.435513941,0.0184769,15
SC,qubit,2,4,4,0,,2,0.484035747,0.015190399,8
SC,qubit,2,4,4,0,,3,0.517306978,0.021977826,8
SC,qubit,2,4,4,0,,4,0.537749103,0.025768124,8
SC,qubit,2,4,4,0,,5,0.563628326,0.018992313,8
SC,qubit,2,4,4,0,,6,0.583521327,0.016971413,8
SC,qubit,2,4,4,0,,7,0.606749938,0.021365478,8
SC,qubit,2,4,4,0,,8,0.62312843,0.020726985,8
SC,qubit,2,4,4,0,,9,0.635579528,0.023678748,8
SC,qubit,2,4,4,0,,10,0.652690388,0.020464056,8
SC,qubit,2,4,4,0,,11,0.668998137,0.021817735,8
SC,qubit,2,4,4,0,,12,0.687518676,0.026518277,8
SC,qubit,2,4,4,0,,13,0.709917586,0.022288212,8
SC,qubit,2,4,4,0,,14,0.728870811,0.024841567,8
SC,qubit,2,4,4,0,,15,0.749913655,0.032217716,8
SC,qubit,2,4,4,0,,16,0.771955512,0.031870915,8
SC,qubit,2,4,4,0,,17,0.798005251,0.030970892,8
SC,qubit,2,4,4,0,,18,0.820814598,0.035438517,8
SC,qubit,2,4,4,0,,19,0.835238582,0.036456203,6
SC,qubit,2,4,4,0,,20,0.851399939,0.034100263,6
SC,qubit,2,4,4,0,,21,0.860256106,0.030063835,6
SC,qubit,2,4,4,0,,22,0.874523871,0.027627831,6
SC,qubit,2,4,4,0,,23,0.8870853,0.027138863,6
SC,qubit,2,4,4,0,,24,0.898610023,0.030700903,6
SC,qubit,2,4,4,0,,25,0.909287832,0.031008803,6
SC,qubit,2,4,4,0,,26,0.911108931,0.034684406,6
SC,qubit,2,4,4,0,,27,0.920893054,0.034684404,5
SC,qubit,2,4,4,0,,28,0.937734683,0.035153379,5
SC,qubit,2,4,4,0,,29,0.94124495,0.030872261,5
SC,qubit,2,4,4,0,,30,0.952737487,0.011881413,5
SC,qubit,2,4,4,0,,31,0.963737487,0.011881413,5
SC,qubit,2,4,4,0,,32,0.975737486,0.011881413,5
SC,qubit,2,4,4,0,,33,0.980772996,4.22E-09,5
SC,qubit,2,4,4,0,,34,0.98510113,3.85E-09,4
SC,qubit,2,4,4,0,,35,0.988101533,3.65E-09,4
SC,qubit,2,4,4,0,,36,0.992897671,2.38E-09,4
SC,qubit,2,4,4,0,,37,0.995290787,1.98E-09,4
SC,qubit,2,4,4,0,,38,0.997294766,3.71E-09,3
SC,qubit,2,4,4,0,,39,1.000000029,3.61E-09,2
SC,qubit,2,5,5,0,,1,0.319295422,0.017239279,31
SC,qubit,2,5,5,0,,2,0.352011883,0.007744601,16
SC,qubit,2,5,5,0,,3,0.377046999,0.01355097,16
SC,qubit,2,5,5,0,,4,0.396703582,0.012610046,16
SC,qubit,2,5,5,0,,5,0.415992704,0.012976947,16
SC,qubit,2,5,5,0,,6,0.434763248,0.008651311,16
SC,qubit,2,5,5,0,,7,0.450265775,0.011074526,16
SC,qubit,2,5,5,0,,8,0.467728429,0.008556934,16
SC,qubit,2,5,5,0,,9,0.481550304,0.009002557,16
SC,qubit,2,5,5,0,,10,0.491649965,0.009947136,16
SC,qubit,2,5,5,0,,11,0.504167081,0.008498404,16
SC,qubit,2,5,5,0,,12,0.512461238,0.009712916,16
SC,qubit,2,5,5,0,,13,0.523414335,0.007365329,16
SC,qubit,2,5,5,0,,14,0.534344357,0.005831716,16
SC,qubit,2,5,5,0,,15,0.546283163,0.007370229,16
SC,qubit,2,5,5,0,,16,0.558058294,0.009099024,16
SC,qubit,2,5,5,0,,17,0.568023474,0.008278026,16
SC,qubit,2,5,5,0,,18,0.580739933,0.008145869,16
SC,qubit,2,5,5,0,,19,0.589524454,0.009196482,16
SC,qubit,2,5,5,0,,20,0.59946907,0.006811082,16
SC,qubit,2,5,5,0,,21,0.609195967,0.008307247,16
SC,qubit,2,5,5,0,,22,0.618822601,0.008866091,16
SC,qubit,2,5,5,0,,23,0.626842655,0.010990856,16
SC,qubit,2,5,5,0,,24,0.635955225,0.013453378,16
SC,qubit,2,5,5,0,,25,0.647228833,0.013471009,16
SC,qubit,2,5,5,0,,26,0.6571552,0.011428296,16
SC,qubit,2,5,5,0,,27,0.66918897,0.010164571,16
SC,qubit,2,5,5,0,,28,0.678063349,0.010811186,16
SC,qubit,2,5,5,0,,29,0.689636726,0.010599629,16
SC,qubit,2,5,5,0,,30,0.697107009,0.00841305,16
SC,qubit,2,5,5,0,,31,0.702135163,0.008522539,16
SC,qubit,2,5,5,0,,32,0.713524024,0.009560698,12
SC,qubit,2,5,5,0,,33,0.725394844,0.011454341,12
SC,qubit,2,5,5,0,,34,0.737113935,0.013280124,12
SC,qubit,2,5,5,0,,35,0.74940279,0.012364854,12
SC,qubit,2,5,5,0,,36,0.758247598,0.01356076,12
SC,qubit,2,5,5,0,,37,0.768573046,0.01723309,12
SC,qubit,2,5,5,0,,38,0.778614671,0.01912351,12
SC,qubit,2,5,5,0,,39,0.788640279,0.018394544,12
SC,qubit,2,5,5,0,,40,0.796526473,0.018016937,12
SC,qubit,2,5,5,0,,41,0.806828054,0.017638775,12
SC,qubit,2,5,5,0,,42,0.81689672,0.017698719,12
SC,qubit,2,5,5,0,,43,0.826433242,0.016698088,12
SC,qubit,2,5,5,0,,44,0.838393581,0.016327387,12
SC,qubit,2,5,5,0,,45,0.845038721,0.015096893,12
SC,qubit,2,5,5,0,,46,0.851556633,0.013810742,12
SC,qubit,2,5,5,0,,47,0.868924998,0.01381074,10
SC,qubit,2,5,5,0,,48,0.876683835,0.010471089,10
SC,qubit,2,5,5,0,,49,0.880378645,0.010442591,10
SC,qubit,2,5,5,0,,50,0.898145562,0.011143787,10
SC,qubit,2,5,5,0,,51,0.902820462,0.013027741,10
SC,qubit,2,5,5,0,,52,0.91483192,0.013027741,10
SC,qubit,2,5,5,0,,53,0.918426433,0.012093183,10
SC,qubit,2,5,5,0,,54,0.923852643,0.012093183,10
SC,qubit,2,5,5,0,,55,0.927486384,0.011021505,10
SC,qubit,2,5,5,0,,56,0.935874504,0.013629514,10
SC,qubit,2,5,5,0,,57,0.938688516,0.011268705,10
SC,qubit,2,5,5,0,,58,0.944789252,0.011268702,10
SC,qubit,2,5,5,0,,59,0.949891557,0.011268703,10
SC,qubit,2,5,5,0,,60,0.953927668,0.015007337,10
SC,qubit,2,5,5,0,,61,0.957936684,0.015007338,9
SC,qubit,2,5,5,0,,62,0.964942643,1.94E-09,9
SC,qubit,2,5,5,0,,63,0.967952643,2.99E-09,9
SC,qubit,2,5,5,0,,64,0.975963839,3.42E-09,8
SC,qubit,2,5,5,0,,65,0.989745039,2.57E-09,8
SC,qubit,2,5,5,0,,66,0.990851557,4.16E-09,8
SC,qubit,2,5,5,0,,67,0.994902516,5.60E-09,8
SC,qubit,2,5,5,0,,68,0.997915156,3.56E-09,8
SC,qubit,2,5,5,0,,69,0.999276684,2.72E-09,8
SC,qubit,2,5,5,0,,70,0.9993784,2.15E-09,8
SC,qubit,2,5,5,0,,71,0.99946684,3.55E-09,8
SC,qubit,2,5,5,0,,72,0.9995311,5.81E-09,8
SC,qubit,2,5,5,0,,73,0.9996465,2.97E-09,6
SC,qubit,2,5,5,0,,74,0.9997853,5.69E-09,6
SC,qubit,2,5,5,0,,75,0.9998392,3.88E-09,5
SC,qubit,2,5,5,0,,76,1.000000058,3.49E-09,5
SC,qubit,2,5,5,0,,77,1.000000057,3.58E-09,4
SC,qubit,2,5,5,0,,78,1.000000059,3.45E-09,4
SC,qubit,2,5,5,0,,79,1.000000058,3.85E-09,3
SC,qutrit,3,2,0,2,,1,0.583268367,0.030315216,8
SC,qutrit,3,2,0,2,,2,0.620804388,0.022394286,5
SC,qutrit,3,2,0,2,,3,0.654706776,0.02916742,5
SC,qutrit,3,2,0,2,,4,0.679431274,0.034056667,3
SC,qutrit,3,2,0,2,,5,0.703158748,0.037758032,3
SC,qutrit,3,2,0,2,,6,0.714529759,0.027824423,3
SC,qutrit,3,2,0,2,,7,0.737013984,0.022306544,3
SC,qutrit,3,2,0,2,,8,0.758967892,0.032440857,2
SC,qutrit,3,2,0,2,,9,0.767699552,0.030037943,2
SC,qutrit,3,2,0,2,,10,0.778590734,0.03085917,2
SC,qutrit,3,2,0,2,,11,0.786989653,0.027278362,2
SC,qutrit,3,2,0,2,,12,0.798054193,0.028687392,2
SC,qutrit,3,2,0,2,,13,0.80126602,0.024182334,2
SC,qutrit,3,2,0,2,,14,0.81831723,0.024537113,2
SC,qutrit,3,2,0,2,,15,0.826986622,0.026962568,2
SC,qutrit,3,2,0,2,,16,0.835914559,0.029346492,2
SC,qutrit,3,2,0,2,,17,0.84398537,0.021390712,2
SC,qutrit,3,2,0,2,,18,0.85471499,0.021263568,2
SC,qutrit,3,2,0,2,,19,0.865544201,0.017712637,2
SC,qutrit,3,2,0,2,,20,0.876531074,0.01757934,2
SC,qutrit,3,2,0,2,,21,0.887254203,0.022472565,2
SC,qutrit,3,2,0,2,,22,0.89878628,0.02836146,2
SC,qutrit,3,2,0,2,,23,0.908843769,0.020873984,2
SC,qutrit,3,2,0,2,,24,0.910884377,0.020873984,2
SC,qutrit,3,2,0,2,,25,0.921308734,0.020200534,2
SC,qutrit,3,2,0,2,,26,0.942372519,0.029299957,2
SC,qutrit,3,2,0,2,,27,0.953147574,0.02464444,2
SC,qutrit,3,2,0,2,,28,0.964179941,0.024443741,2
SC,qutrit,3,2,0,2,,29,0.975285384,0.021776825,2
SC,qutrit,3,2,0,2,,30,0.986024993,0.026083834,2
SC,qutrit,3,2,0,2,,31,0.993838032,0.02126809,2
SC,qutrit,3,2,0,2,,32,1.000000017,2.29E-09,2
SC,qutrit,3,3,0,3,,1,0.337338503,0.026726191,26
SC,qutrit,3,3,0,3,,2,0.370647161,0.016147059,19
SC,qutrit,3,3,0,3,,3,0.402087917,0.016041893,19
SC,qutrit,3,3,0,3,,4,0.421474797,0.018980551,10
SC,qutrit,3,3,0,3,,5,0.438564228,0.020600751,10
SC,qutrit,3,3,0,3,,6,0.452268601,0.023132191,9
SC,qutrit,3,3,0,3,,7,0.46281618,0.024383762,8
SC,qutrit,3,3,0,3,,8,0.477920115,0.019374238,8
SC,qutrit,3,3,0,3,,9,0.491919511,0.021080554,8
SC,qutrit,3,3,0,3,,10,0.501574138,0.02442307,8
SC,qutrit,3,3,0,3,,11,0.510962397,0.025131112,8
SC,qutrit,3,3,0,3,,12,0.516224682,0.023685185,8
SC,qutrit,3,3,0,3,,13,0.524407143,0.024742301,8
SC,qutrit,3,3,0,3,,14,0.532502128,0.02917596,8
SC,qutrit,3,3,0,3,,15,0.53898923,0.027155566,8
SC,qutrit,3,3,0,3,,16,0.549654161,0.028118057,8
SC,qutrit,3,3,0,3,,17,0.555102968,0.027670028,8
SC,qutrit,3,3,0,3,,18,0.55922336,0.027375227,8
SC,qutrit,3,3,0,3,,19,0.565487692,0.024294082,7
SC,qutrit,3,3,0,3,,20,0.578028889,0.023370125,7
SC,qutrit,3,3,0,3,,21,0.590166216,0.023509545,7
SC,qutrit,3,3,0,3,,22,0.603693067,0.020729838,7
SC,qutrit,3,3,0,3,,23,0.604181529,0.020722805,7
SC,qutrit,3,3,0,3,,24,0.605524159,0.021439002,7
SC,qutrit,3,3,0,3,,25,0.607767291,0.021578369,6
SC,qutrit,3,3,0,3,,26,0.608586189,0.021816487,6
SC,qutrit,3,3,0,3,,27,0.610291298,0.021455217,6
SC,qutrit,3,3,0,3,,28,0.612053077,0.020751153,6
SC,qutrit,3,3,0,3,,29,0.615514006,0.021532301,6
SC,qutrit,3,3,0,3,,30,0.61821095,0.022207596,6
SC,qutrit,3,3,0,3,,31,0.622275878,0.021120375,6
SC,qutrit,3,3,0,3,,32,0.624544691,0.021016842,6
SC,qutrit,3,3,0,3,,33,0.630378213,0.019381142,6
SC,qutrit,3,3,0,3,,34,0.641532378,0.020520264,6
SC,qutrit,3,3,0,3,,35,0.645860495,0.020172416,6
SC,qutrit,3,3,0,3,,36,0.647879025,0.019488835,6
SC,qutrit,3,3,0,3,,37,0.656183417,0.019957023,6
SC,qutrit,3,3,0,3,,38,0.659266653,0.01978643,6
SC,qutrit,3,3,0,3,,39,0.663097119,0.018958653,6
SC,qutrit,3,3,0,3,,40,0.668676746,0.017037818,6
SC,qutrit,3,3,0,3,,41,0.669800756,0.017463291,6
SC,qutrit,3,3,0,3,,42,0.672736684,0.016896428,6
SC,qutrit,3,3,0,3,,43,0.674596457,0.016944432,6
SC,qutrit,3,3,0,3,,44,0.677557481,0.015899921,6
SC,qutrit,3,3,0,3,,45,0.680607968,0.016538979,6
SC,qutrit,3,3,0,3,,46,0.68227765,0.017582215,5
SC,qutrit,3,3,0,3,,47,0.68414574,0.016704064,5
SC,qutrit,3,3,0,3,,48,0.687287365,0.017133987,5
SC,qutrit,3,3,0,3,,49,0.692768655,0.015742793,5
SC,qutrit,3,3,0,3,,50,0.697905121,0.016095393,5
SC,qutrit,3,3,0,3,,51,0.698777152,0.015978444,5
SC,qutrit,3,3,0,3,,52,0.702549877,0.014660332,5
SC,qutrit,3,3,0,3,,53,0.703962496,0.015198009,5
SC,qutrit,3,3,0,3,,54,0.704682409,0.015217769,5
SC,qutrit,3,3,0,3,,55,0.707827371,0.016636101,4
SC,qutrit,3,3,0,3,,56,0.707827368,0.016636103,4
SC,qutrit,3,3,0,3,,57,0.713033759,0.015333869,4
SC,qutrit,3,3,0,3,,58,0.72045093,0.013911291,4
SC,qutrit,3,3,0,3,,59,0.723595019,0.014349271,4
SC,qutrit,3,3,0,3,,60,0.724583166,0.014273087,4
SC,qutrit,3,3,0,3,,61,0.7251148,0.014376965,4
SC,qutrit,3,3,0,3,,62,0.726866963,0.012739479,4
SC,qutrit,3,3,0,3,,63,0.731455857,0.011200268,4
SC,qutrit,3,3,0,3,,64,0.734449727,0.010629466,4
SC,qutrit,3,3,0,3,,65,0.738777629,0.009484753,4
SC,qutrit,3,3,0,3,,66,0.745152001,0.007552563,4
SC,qutrit,3,3,0,3,,67,0.749452415,0.008493891,4
SC,qutrit,3,3,0,3,,68,0.75511772,0.007002931,4
SC,qutrit,3,3,0,3,,69,0.757044631,0.006598699,4
SC,qutrit,3,3,0,3,,70,0.761087532,0.008269356,4
SC,qutrit,3,3,0,3,,71,0.763297271,0.006234047,4
SC,qutrit,3,3,0,3,,72,0.765586982,0.006807781,4
SC,qutrit,3,3,0,3,,73,0.769995978,0.006353758,4
SC,qutrit,3,3,0,3,,74,0.769995979,0.006353757,4
SC,qutrit,3,3,0,3,,75,0.772905911,0.006926733,4
SC,qutrit,3,3,0,3,,76,0.775448265,0.006218265,4
SC,qutrit,3,3,0,3,,77,0.778358471,0.006935946,4
SC,qutrit,3,3,0,3,,78,0.782652092,0.00510795,4
SC,qutrit,3,3,0,3,,79,0.789421549,0.005764372,4
SC,qutrit,3,3,0,3,,80,0.794158192,0.005983274,4
SC,qutrit,3,3,0,3,,81,0.801641146,0.006958914,4
SC,qutrit,3,3,0,3,,82,0.804743192,0.007086322,4
SC,qutrit,3,3,0,3,,83,0.809584503,0.00870635,4
SC,qutrit,3,3,0,3,,84,0.811710647,0.008999482,4
SC,qutrit,3,3,0,3,,85,0.817951537,0.00902728,4
SC,qutrit,3,3,0,3,,86,0.820370217,0.009055585,4
SC,qutrit,3,3,0,3,,87,0.822461757,0.008513786,4
SC,qutrit,3,3,0,3,,88,0.823748886,0.00841784,4
SC,qutrit,3,3,0,3,,89,0.823748879,0.008417842,4
SC,qutrit,3,3,0,3,,90,0.830182986,0.00986608,4
SC,qutrit,3,3,0,3,,91,0.836189439,0.00519892,4
SC,qutrit,3,3,0,3,,92,0.842744643,0.00373515,4
SC,qutrit,3,3,0,3,,93,0.847788172,0.005752271,4
SC,qutrit,3,3,0,3,,94,0.848954319,0.005018336,4
SC,qutrit,3,3,0,3,,95,0.851472521,0.005000662,4
SC,qutrit,3,3,0,3,,96,0.853822687,0.007390431,4
SC,qutrit,3,3,0,3,,97,0.865667789,0.00660349,4
SC,qutrit,3,3,0,3,,98,0.866654827,0.006363494,4
SC,qutrit,3,3,0,3,,99,0.869743378,0.006007379,4
SC,qutrit,3,3,0,3,,100,0.875571266,0.004806074,4
SC,qutrit,3,3,0,3,,101,0.883411263,0.006637988,4
SC,qutrit,3,3,0,3,,102,0.884995868,0.006779822,4
SC,qutrit,3,3,0,3,,103,0.888896136,0.006676381,4
SC,qutrit,3,3,0,3,,104,0.891510196,0.006500899,4
SC,qutrit,3,3,0,3,,105,0.89151019,0.006500901,4
SC,qutrit,3,3,0,3,,106,0.896323103,0.009557179,4
SC,qutrit,3,3,0,3,,107,0.902322673,0.011563576,4
SC,qutrit,3,3,0,3,,108,0.91121698,0.009649945,4
SC,qutrit,3,3,0,3,,109,0.914696183,0.014748669,3
SC,qutrit,3,3,0,3,,110,0.914696188,0.014748665,3
SC,qutrit,3,3,0,3,,111,0.916990361,0.014069383,3
SC,qutrit,3,3,0,3,,112,0.920395393,0.016185695,3
SC,qutrit,3,3,0,3,,113,0.927843605,0.016066067,3
SC,qutrit,3,3,0,3,,114,0.931819701,0.015158369,3
SC,qutrit,3,3,0,3,,115,0.934165749,0.012666789,3
SC,qutrit,3,3,0,3,,116,0.940426443,0.009668257,3
SC,qutrit,3,3,0,3,,117,0.948434182,0.010582262,3
SC,qutrit,3,3,0,3,,118,0.956258561,0.009839105,3
SC,qutrit,3,3,0,3,,119,0.967697848,0.00961836,3
SC,qutrit,3,3,0,3,,120,0.967697852,0.009618361,3
SC,qutrit,3,3,0,3,,121,0.967697852,0.009618361,3
SC,qutrit,3,3,0,3,,122,0.96769785,0.009618361,3
SC,qutrit,3,3,0,3,,123,0.967697851,0.009618363,3
SC,qutrit,3,3,0,3,,124,0.967697851,0.009618361,3
SC,qutrit,3,3,0,3,,125,0.96983358,0.009901055,3
SC,qutrit,3,3,0,3,,126,0.969833579,0.009901054,3
SC,qutrit,3,3,0,3,,127,0.978335779,0.009901057,3
SC,qutrit,3,3,0,3,,128,0.978335782,0.009901052,3
SC,qutrit,3,3,0,3,,129,0.978335795,0.009901054,3
SC,qutrit,3,3,0,3,,130,0.978335843,0.009901056,3
SC,qutrit,3,3,0,3,,131,0.983357872,0.009901056,3
SC,qutrit,3,3,0,3,,132,0.983358136,0.009901051,3
SC,qutrit,3,3,0,3,,133,0.983358204,0.009901058,3
SC,qutrit,3,3,0,3,,134,0.989768987,0.009106071,2
SC,qutrit,3,3,0,3,,135,0.990528753,0.007375691,2
SC,qutrit,3,3,0,3,,136,0.990528754,0.007375695,2
SC,qutrit,3,3,0,3,,137,0.999287544,0.007375696,2
SC,qutrit,3,3,0,3,,138,0.999287571,0.007375695,2
SC,qutrit,3,3,0,3,,139,0.990528754,0.007375699,2
SC,hybrid,,,1,1,1q⊗1t,1,0.651611716,0.02271143,5
SC,hybrid,,,1,1,1q⊗1t,2,0.686463964,0.020806558,4
SC,hybrid,,,1,1,1q⊗1t,3,0.724555643,0.024450477,4
SC,hybrid,,,1,1,1q⊗1t,4,0.741389611,0.022531587,2
SC,hybrid,,,1,1,1q⊗1t,5,0.765333247,0.053619009,2
SC,hybrid,,,1,1,1q⊗1t,6,0.823338826,0.049856528,2
SC,hybrid,,,1,1,1q⊗1t,7,0.843760109,0.047233456,2
SC,hybrid,,,1,1,1q⊗1t,8,0.865754404,0.041572997,2
SC,hybrid,,,1,1,1q⊗1t,9,0.879698225,0.03244115,2
SC,hybrid,,,1,1,1q⊗1t,10,0.896785664,0.030646959,2
SC,hybrid,,,1,1,1q⊗1t,11,0.930625137,0.043311545,2
SC,hybrid,,,1,1,1q⊗1t,12,0.962956641,0.048821935,2
SC,hybrid,,,1,1,1q⊗1t,13,0.981764827,0.011617045,2
SC,hybrid,,,1,1,1q⊗1t,14,1.00000001,4.43E-09,2
SC,hybrid,,,1,2,1q⊗2t,1,0.420067244,0.021360698,17
SC,hybrid,,,1,2,1q⊗2t,2,0.469849143,0.041628506,14
SC,hybrid,,,1,2,1q⊗2t,3,0.502054961,0.030660745,14
SC,hybrid,,,1,2,1q⊗2t,4,0.518971454,0.032065333,8
SC,hybrid,,,1,2,1q⊗2t,5,0.539734473,0.031727026,8
SC,hybrid,,,1,2,1q⊗2t,6,0.55172515,0.033440066,7
SC,hybrid,,,1,2,1q⊗2t,7,0.566530084,0.032399532,7
SC,hybrid,,,1,2,1q⊗2t,8,0.582880964,0.029236289,7
SC,hybrid,,,1,2,1q⊗2t,9,0.6002199,0.028666365,6
SC,hybrid,,,1,2,1q⊗2t,10,0.605117076,0.026683849,6
SC,hybrid,,,1,2,1q⊗2t,11,0.609230095,0.031512406,6
SC,hybrid,,,1,2,1q⊗2t,12,0.613497773,0.030631909,6
SC,hybrid,,,1,2,1q⊗2t,13,0.618496766,0.031681391,6
SC,hybrid,,,1,2,1q⊗2t,14,0.625755326,0.032750916,6
SC,hybrid,,,1,2,1q⊗2t,15,0.629699408,0.034033123,5
SC,hybrid,,,1,2,1q⊗2t,16,0.634782767,0.028358677,5
SC,hybrid,,,1,2,1q⊗2t,17,0.63895732,0.020761896,5
SC,hybrid,,,1,2,1q⊗2t,18,0.645011351,0.020443456,5
SC,hybrid,,,1,2,1q⊗2t,19,0.649165417,0.025055242,5
SC,hybrid,,,1,2,1q⊗2t,20,0.654294506,0.025444,5
SC,hybrid,,,1,2,1q⊗2t,21,0.658331418,0.022303329,5
SC,hybrid,,,1,2,1q⊗2t,22,0.66341737,0.024959036,4
SC,hybrid,,,1,2,1q⊗2t,23,0.668537431,0.020020075,4
SC,hybrid,,,1,2,1q⊗2t,24,0.670641198,0.020930259,4
SC,hybrid,,,1,2,1q⊗2t,25,0.678275653,0.019656855,4
SC,hybrid,,,1,2,1q⊗2t,26,0.685774217,0.018784834,4
SC,hybrid,,,1,2,1q⊗2t,27,0.696808569,0.017474015,4
SC,hybrid,,,1,2,1q⊗2t,28,0.708385694,0.017474013,4
SC,hybrid,,,1,2,1q⊗2t,29,0.718856933,0.017474012,4
SC,hybrid,,,1,2,1q⊗2t,30,0.729385783,0.02052483,4
SC,hybrid,,,1,2,1q⊗2t,31,0.735059578,0.023111563,4
SC,hybrid,,,1,2,1q⊗2t,32,0.74817307,0.028440136,4
SC,hybrid,,,1,2,1q⊗2t,33,0.75826101,0.02549358,4
SC,hybrid,,,1,2,1q⊗2t,34,0.768344186,0.026048999,4
SC,hybrid,,,1,2,1q⊗2t,35,0.778458517,0.027525422,4
SC,hybrid,,,1,2,1q⊗2t,36,0.785967863,0.02700498,4
SC,hybrid,,,1,2,1q⊗2t,37,0.798646814,0.027261879,4
SC,hybrid,,,1,2,1q⊗2t,38,0.807364698,0.028233701,4
SC,hybrid,,,1,2,1q⊗2t,39,0.817964698,0.028233702,4
SC,hybrid,,,1,2,1q⊗2t,40,0.828364698,0.028233701,4
SC,hybrid,,,1,2,1q⊗2t,41,0.838931459,0.0291263,4
SC,hybrid,,,1,2,1q⊗2t,42,0.849628302,0.023595333,4
SC,hybrid,,,1,2,1q⊗2t,43,0.859024723,0.017143938,4
SC,hybrid,,,1,2,1q⊗2t,44,0.869138164,0.019841536,4
SC,hybrid,,,1,2,1q⊗2t,45,0.879247419,0.021894619,4
SC,hybrid,,,1,2,1q⊗2t,46,0.889347419,0.021894628,4
SC,hybrid,,,1,2,1q⊗2t,47,0.894741922,0.021894626,4
SC,hybrid,,,1,2,1q⊗2t,48,0.905733074,0.006529316,4
SC,hybrid,,,1,2,1q⊗2t,49,0.916733074,0.006529315,4
SC,hybrid,,,1,2,1q⊗2t,50,0.927330738,0.006529315,4
SC,hybrid,,,1,2,1q⊗2t,51,0.938590863,0.010643686,4
SC,hybrid,,,1,2,1q⊗2t,52,0.949086307,0.010643686,3
SC,hybrid,,,1,2,1q⊗2t,53,0.959108631,0.010643687,3
SC,hybrid,,,1,2,1q⊗2t,54,0.969208631,0.010643688,3
SC,hybrid,,,1,2,1q⊗2t,55,0.979308631,0.010643688,3
SC,hybrid,,,1,2,1q⊗2t,56,0.989408631,0.010643691,3
SC,hybrid,,,1,2,1q⊗2t,57,0.995086307,0.01064369,3
SC,hybrid,,,1,2,1q⊗2t,58,0.996086307,0.010643688,3
SC,hybrid,,,1,2,1q⊗2t,59,0.997863074,0.010643689,3
SC,hybrid,,,1,2,1q⊗2t,60,0.998086308,0.010643692,3
SC,hybrid,,,1,2,1q⊗2t,61,0.999086307,0.010643688,3
SC,hybrid,,,1,2,1q⊗2t,62,1.000000033,8.46E-10,3
SC,hybrid,,,1,2,1q⊗2t,63,1.000000034,5.00E-09,3
SC,hybrid,,,1,2,1q⊗2t,64,1.000000034,4.98E-09,3
SC,hybrid,,,1,2,1q⊗2t,65,1.000000035,4.82E-09,2
SC,hybrid,,,1,2,1q⊗2t,66,1.000000034,4.49E-09,2
SC,hybrid,,,1,2,1q⊗2t,67,1.000000034,3.76E-09,2
SC,hybrid,,,1,2,1q⊗2t,68,1.000000033,3.97E-09,2
SC,hybrid,,,1,2,1q⊗2t,69,1.000000034,4.29E-09,2
SC,hybrid,,,1,2,1q⊗2t,70,1.000000033,6.85E-09,1
SC,hybrid,,,2,1,2q⊗1t,1,0.492970261,0.027371045,11
SC,hybrid,,,2,1,2q⊗1t,2,0.554042065,0.034094028,8
SC,hybrid,,,2,1,2q⊗1t,3,0.592350177,0.027724991,8
SC,hybrid,,,2,1,2q⊗1t,4,0.607080018,0.0358068,7
SC,hybrid,,,2,1,2q⊗1t,5,0.634719856,0.03808626,7
SC,hybrid,,,2,1,2q⊗1t,6,0.655990524,0.036994903,7
SC,hybrid,,,2,1,2q⊗1t,7,0.676141768,0.033602639,6
SC,hybrid,,,2,1,2q⊗1t,8,0.69393928,0.034341353,5
SC,hybrid,,,2,1,2q⊗1t,9,0.706528409,0.039633369,5
SC,hybrid,,,2,1,2q⊗1t,10,0.729768496,0.032760458,4
SC,hybrid,,,2,1,2q⊗1t,11,0.757417276,0.0513845,4
SC,hybrid,,,2,1,2q⊗1t,12,0.760572565,0.050595997,4
SC,hybrid,,,2,1,2q⊗1t,13,0.767410434,0.043418067,4
SC,hybrid,,,2,1,2q⊗1t,14,0.775909436,0.035772076,4
SC,hybrid,,,2,1,2q⊗1t,15,0.785416524,0.038299187,4
SC,hybrid,,,2,1,2q⊗1t,16,0.800957957,0.031950221,4
SC,hybrid,,,2,1,2q⊗1t,17,0.810966283,0.028679686,4
SC,hybrid,,,2,1,2q⊗1t,18,0.829187718,0.026646381,4
SC,hybrid,,,2,1,2q⊗1t,19,0.839730665,0.020596269,4
SC,hybrid,,,2,1,2q⊗1t,20,0.855752011,0.013766477,4
SC,hybrid,,,2,1,2q⊗1t,21,0.868714121,0.014090032,4
SC,hybrid,,,2,1,2q⊗1t,22,0.892049039,0.018155401,4
SC,hybrid,,,2,1,2q⊗1t,23,0.915066856,0.02514225,4
SC,hybrid,,,2,1,2q⊗1t,24,0.923594641,0.015336785,4
SC,hybrid,,,2,1,2q⊗1t,25,0.934685954,0.020549037,4
SC,hybrid,,,2,1,2q⊗1t,26,0.944685954,0.020549037,4
SC,hybrid,,,2,1,2q⊗1t,27,0.956859535,0.020549039,4
SC,hybrid,,,2,1,2q⊗1t,28,0.976534527,0.018975574,3
SC,hybrid,,,2,1,2q⊗1t,29,0.987579205,0.017256198,2
SC,hybrid,,,2,1,2q⊗1t,30,0.997024,4.91E-09,2
RLF,qubit,2,2,2,0,,1,0.766869054,0.052864413,3
RLF,qubit,2,2,2,0,,2,0.807163749,0.06302025,2
RLF,qubit,2,2,2,0,,3,0.837571814,0.047841405,2
RLF,qubit,2,2,2,0,,4,0.886839469,0.042337646,2
RLF,qubit,2,2,2,0,,5,0.926608216,0.047890134,2
RLF,qubit,2,2,2,0,,6,0.971037243,0.048726902,2
RLF,qubit,2,2,2,0,,7,1.000000003,3.88E-09,2
RLF,qubit,2,3,3,0,,1,0.584630153,0.040552217,7
RLF,qubit,2,3,3,0,,2,0.638890364,0.048990635,4
RLF,qubit,2,3,3,0,,3,0.669166764,0.031856068,4
RLF,qubit,2,3,3,0,,4,0.693331423,0.03342659,4
RLF,qubit,2,3,3,0,,5,0.714942214,0.028180644,4
RLF,qubit,2,3,3,0,,6,0.745933512,0.035363181,4
RLF,qubit,2,3,3,0,,7,0.773698457,0.028119092,4
RLF,qubit,2,3,3,0,,8,0.802230466,0.043472597,4
RLF,qubit,2,3,3,0,,9,0.830424308,0.035060737,4
RLF,qubit,2,3,3,0,,10,0.866799253,0.024649482,4
RLF,qubit,2,3,3,0,,11,0.905969595,0.02312488,4
RLF,qubit,2,3,3,0,,12,0.930164542,0.027239582,4
RLF,qubit,2,3,3,0,,13,0.972971481,0.025154828,4
RLF,qubit,2,3,3,0,,14,0.991678924,0.032275235,4
RLF,qubit,2,3,3,0,,15,1.000000012,4.52E-09,4
RLF,qubit,2,4,4,0,,1,0.428909405,0.028548243,15
RLF,qubit,2,4,4,0,,2,0.482621151,0.030727792,15
RLF,qubit,2,4,4,0,,3,0.538728924,0.036998463,15
RLF,qubit,2,4,4,0,,4,0.564707888,0.035054586,8
RLF,qubit,2,4,4,0,,5,0.58962952,0.028450942,8
RLF,qubit,2,4,4,0,,6,0.599830454,0.0304901,8
RLF,qubit,2,4,4,0,,7,0.620275368,0.028345007,8
RLF,qubit,2,4,4,0,,8,0.632640895,0.025391637,8
RLF,qubit,2,4,4,0,,9,0.646207986,0.020442752,8
RLF,qubit,2,4,4,0,,10,0.669658001,0.016564459,8
RLF,qubit,2,4,4,0,,11,0.68925798,0.019364524,8
RLF,qubit,2,4,4,0,,12,0.730975901,0.01745515,8
RLF,qubit,2,4,4,0,,13,0.752671058,0.018497805,8
RLF,qubit,2,4,4,0,,14,0.77000649,0.020386958,8
RLF,qubit,2,4,4,0,,15,0.796210759,0.021311147,8
RLF,qubit,2,4,4,0,,16,0.8114434,0.023896424,8
RLF,qubit,2,4,4,0,,17,0.830442796,0.027867877,8
RLF,qubit,2,4,4,0,,18,0.851307773,0.016252746,8
RLF,qubit,2,4,4,0,,19,0.872648469,0.015334624,8
RLF,qubit,2,4,4,0,,20,0.890849823,0.019678288,8
RLF,qubit,2,4,4,0,,21,0.916334654,0.010128793,8
RLF,qubit,2,4,4,0,,22,0.928321675,0.009357694,8
RLF,qubit,2,4,4,0,,23,0.9391359,2.78E-09,8
RLF,qubit,2,4,4,0,,24,0.949310755,4.20E-09,8
RLF,qubit,2,4,4,0,,25,0.959708001,3.03E-09,8
RLF,qubit,2,4,4,0,,26,0.9673,3.09E-09,4
RLF,qubit,2,4,4,0,,27,0.9752231,1.99E-09,4
RLF,qubit,2,4,4,0,,28,0.985630003,2.48E-09,4
RLF,qubit,2,4,4,0,,29,0.990031,2.34E-09,4
RLF,qubit,2,4,4,0,,30,0.99984115,3.62E-09,4
RLF,qubit,2,4,4,0,,31,1.000000031,3.08E-09,4
RLF,qubit,2,5,5,0,,1,0.323129308,0.016149401,31
RLF,qubit,2,5,5,0,,2,0.358066248,0.014006473,30
RLF,qubit,2,5,5,0,,3,0.387151064,0.024162411,30
RLF,qubit,2,5,5,0,,4,0.407175757,0.022434371,30
RLF,qubit,2,5,5,0,,5,0.42057375,0.020509842,16
RLF,qubit,2,5,5,0,,6,0.443716551,0.02068182,16
RLF,qubit,2,5,5,0,,7,0.455698271,0.019088801,16
RLF,qubit,2,5,5,0,,8,0.471926446,0.018124214,16
RLF,qubit,2,5,5,0,,9,0.483750138,0.019872979,16
RLF,qubit,2,5,5,0,,10,0.493878494,0.018591588,16
RLF,qubit,2,5,5,0,,11,0.508083504,0.019593209,16
RLF,qubit,2,5,5,0,,12,0.520910757,0.019809939,16
RLF,qubit,2,5,5,0,,13,0.529541061,0.017833887,16
RLF,qubit,2,5,5,0,,14,0.538566574,0.017530908,16
RLF,qubit,2,5,5,0,,15,0.549674052,0.017867526,16
RLF,qubit,2,5,5,0,,16,0.561564857,0.014106234,16
RLF,qubit,2,5,5,0,,17,0.569601236,0.013790063,16
RLF,qubit,2,5,5,0,,18,0.578375143,0.012907944,16
RLF,qubit,2,5,5,0,,19,0.587658857,0.011552457,16
RLF,qubit,2,5,5,0,,20,0.595408666,0.009737218,16
RLF,qubit,2,5,5,0,,21,0.607566594,0.010382225,16
RLF,qubit,2,5,5,0,,22,0.615788737,0.009814069,16
RLF,qubit,2,5,5,0,,23,0.625280956,0.008906987,16
RLF,qubit,2,5,5,0,,24,0.637873928,0.010527533,16
RLF,qubit,2,5,5,0,,25,0.649452055,0.012388061,16
RLF,qubit,2,5,5,0,,26,0.659885851,0.012845588,16
RLF,qubit,2,5,5,0,,27,0.672997307,0.013704558,16
RLF,qubit,2,5,5,0,,28,0.684007133,0.012202891,16
RLF,qubit,2,5,5,0,,29,0.700073984,0.011198681,16
RLF,qubit,2,5,5,0,,30,0.71616646,0.011913732,16
RLF,qubit,2,5,5,0,,31,0.723103899,0.011822967,16
RLF,qubit,2,5,5,0,,32,0.738427091,0.012965056,16
RLF,qubit,2,5,5,0,,33,0.745570046,0.014010936,16
RLF,qubit,2,5,5,0,,34,0.757919955,0.014458893,16
RLF,qubit,2,5,5,0,,35,0.768038474,0.013849503,16
RLF,qubit,2,5,5,0,,36,0.77828736,0.015810402,16
RLF,qubit,2,5,5,0,,37,0.786719048,0.01931299,16
RLF,qubit,2,5,5,0,,38,0.791337071,0.020079759,16
RLF,qubit,2,5,5,0,,39,0.803563261,4.98E-09,16
RLF,qubit,2,5,5,0,,40,0.81945709,5.29E-09,16
RLF,qubit,2,5,5,0,,41,0.829567888,1.68E-09,16
RLF,qubit,2,5,5,0,,42,0.839655852,4.73E-09,16
RLF,qubit,2,5,5,0,,43,0.849774152,2.83E-09,16
RLF,qubit,2,5,5,0,,44,0.859867591,3.73E-09,16
RLF,qubit,2,5,5,0,,45,0.869905793,3.97E-09,16
RLF,qubit,2,5,5,0,,46,0.879935723,2.82E-09,16
RLF,qubit,2,5,5,0,,47,0.889957881,4.55E-09,16
RLF,qubit,2,5,5,0,,48,0.89782964,2.52E-09,16
RLF,qubit,2,5,5,0,,49,0.908776413,5.51E-09,16
RLF,qubit,2,5,5,0,,50,0.919071487,2.68E-09,16
RLF,qubit,2,5,5,0,,51,0.929573934,3.94E-09,10
RLF,qubit,2,5,5,0,,52,0.939856356,5.32E-09,10
RLF,qubit,2,5,5,0,,53,0.945538,4.72E-09,10
RLF,qubit,2,5,5,0,,54,0.9640036,3.76E-09,10
RLF,qubit,2,5,5,0,,55,0.973365983,3.12E-09,8
RLF,qubit,2,5,5,0,,56,0.98643366,3.73E-09,8
RLF,qubit,2,5,5,0,,57,0.99564415,4.71E-09,8
RLF,qubit,2,5,5,0,,58,1.000000058,2.09E-09,8
RLF,qubit,2,5,5,0,,59,1.00000006,4.12E-09,8
RLF,qubit,2,5,5,0,,60,1.000000059,2.98E-09,8
RLF,qubit,2,5,5,0,,61,1.000000057,2.51E-09,8
RLF,qubit,2,5,5,0,,62,1.000000057,4.46E-09,8
RLF,qubit,2,5,5,0,,63,1.000000057,3.31E-09,8
RLF,qutrit,3,2,0,2,,1,0.552707999,0.022119433,4
RLF,qutrit,3,2,0,2,,2,0.606664146,0.020538059,3
RLF,qutrit,3,2,0,2,,3,0.642502378,0.036793969,3
RLF,qutrit,3,2,0,2,,4,0.661867256,0.038258831,3
RLF,qutrit,3,2,0,2,,5,0.673458082,0.034579771,3
RLF,qutrit,3,2,0,2,,6,0.682333157,0.029134999,3
RLF,qutrit,3,2,0,2,,7,0.685145997,0.027000382,3
RLF,qutrit,3,2,0,2,,8,0.702146322,0.032056632,3
RLF,qutrit,3,2,0,2,,9,0.712284602,0.027384017,3
RLF,qutrit,3,2,0,2,,10,0.71945851,0.028241127,3
RLF,qutrit,3,2,0,2,,11,0.720926624,0.029301523,2
RLF,qutrit,3,2,0,2,,12,0.737898073,0.023498208,2
RLF,qutrit,3,2,0,2,,13,0.754562049,0.022615171,2
RLF,qutrit,3,2,0,2,,14,0.757446661,0.022741262,2
RLF,qutrit,3,2,0,2,,15,0.762317274,0.025908601,2
RLF,qutrit,3,2,0,2,,16,0.767910774,0.028461641,2
RLF,qutrit,3,2,0,2,,17,0.779524219,0.027311018,2
RLF,qutrit,3,2,0,2,,18,0.795870002,0.046635194,2
RLF,qutrit,3,2,0,2,,19,0.822047654,0.029740089,2
RLF,qutrit,3,2,0,2,,20,0.847532014,0.034828261,2
RLF,qutrit,3,2,0,2,,21,0.857152084,0.035039043,2
RLF,qutrit,3,2,0,2,,22,0.861383783,0.03377919,2
RLF,qutrit,3,2,0,2,,23,0.880080288,0.026699607,2
RLF,qutrit,3,2,0,2,,24,0.89322124,0.027290624,2
RLF,qutrit,3,2,0,2,,25,0.895440255,0.027407593,2
RLF,qutrit,3,2,0,2,,26,0.909562965,0.02532263,2
RLF,qutrit,3,2,0,2,,27,0.924680797,0.014930074,2
RLF,qutrit,3,2,0,2,,28,0.926374467,0.015235219,2
RLF,qutrit,3,2,0,2,,29,0.935617005,0.019387698,2
RLF,qutrit,3,2,0,2,,30,0.946101092,0.015715936,2
RLF,qutrit,3,2,0,2,,31,0.950123638,0.019262746,2
RLF,qutrit,3,2,0,2,,32,0.965012364,0.019262744,2
RLF,qutrit,3,2,0,2,,33,0.978017927,0.018296549,2
RLF,qutrit,3,2,0,2,,34,0.980179265,0.018296549,2
RLF,qutrit,3,2,0,2,,35,0.9916,2.20E-09,1
RLF,qutrit,3,3,0,3,,1,0.347895129,0.01758356,8
RLF,qutrit,3,3,0,3,,2,0.393423106,0.034913729,6
RLF,qutrit,3,3,0,3,,3,0.406617156,0.03498716,6
RLF,qutrit,3,3,0,3,,4,0.416135917,0.032349707,6
RLF,qutrit,3,3,0,3,,5,0.427902472,0.027786152,6
RLF,qutrit,3,3,0,3,,6,0.444807077,0.029223208,6
RLF,qutrit,3,3,0,3,,7,0.459745102,0.028274263,6
RLF,qutrit,3,3,0,3,,8,0.47211862,0.029154036,6
RLF,qutrit,3,3,0,3,,9,0.491763742,0.030484853,5
RLF,qutrit,3,3,0,3,,10,0.505146195,0.03090067,5
RLF,qutrit,3,3,0,3,,11,0.510766596,0.032081884,5
RLF,qutrit,3,3,0,3,,12,0.521938365,0.032138904,5
RLF,qutrit,3,3,0,3,,13,0.527050682,0.031583027,5
RLF,qutrit,3,3,0,3,,14,0.527986965,0.032585479,5
RLF,qutrit,3,3,0,3,,15,0.53408384,0.032565465,5
RLF,qutrit,3,3,0,3,,16,0.544982498,0.030592125,4
RLF,qutrit,3,3,0,3,,17,0.549391742,0.029201608,4
RLF,qutrit,3,3,0,3,,18,0.55455914,0.028667175,4
RLF,qutrit,3,3,0,3,,19,0.555764158,0.028426921,4
RLF,qutrit,3,3,0,3,,20,0.566030039,0.028417543,4
RLF,qutrit,3,3,0,3,,21,0.577598241,0.028860626,4
RLF,qutrit,3,3,0,3,,22,0.579608779,0.026880234,4
RLF,qutrit,3,3,0,3,,23,0.58253453,0.027650427,4
RLF,qutrit,3,3,0,3,,24,0.588322382,0.024338918,4
RLF,qutrit,3,3,0,3,,25,0.599654089,0.023942504,4
RLF,qutrit,3,3,0,3,,26,0.602157015,0.024380233,4
RLF,qutrit,3,3,0,3,,27,0.605510072,0.024650622,4
RLF,qutrit,3,3,0,3,,28,0.606621195,0.025156264,4
RLF,qutrit,3,3,0,3,,29,0.608584075,0.026394765,4
RLF,qutrit,3,3,0,3,,30,0.616098578,0.026371392,4
RLF,qutrit,3,3,0,3,,31,0.620698321,0.024992473,4
RLF,qutrit,3,3,0,3,,32,0.621573457,0.02522753,4
RLF,qutrit,3,3,0,3,,33,0.628627719,0.026094785,4
RLF,qutrit,3,3,0,3,,34,0.632000537,0.025471315,4
RLF,qutrit,3,3,0,3,,35,0.63590591,0.024474089,4
RLF,qutrit,3,3,0,3,,36,0.639458037,0.023259911,4
RLF,qutrit,3,3,0,3,,37,0.643402257,0.025482612,4
RLF,qutrit,3,3,0,3,,38,0.650500065,0.024174474,4
RLF,qutrit,3,3,0,3,,39,0.654784794,0.02331955,4
RLF,qutrit,3,3,0,3,,40,0.655570606,0.023794043,4
RLF,qutrit,3,3,0,3,,41,0.660774222,0.022658355,4
RLF,qutrit,3,3,0,3,,42,0.670898172,0.022080056,4
RLF,qutrit,3,3,0,3,,43,0.673827764,0.024138233,4
RLF,qutrit,3,3,0,3,,44,0.678076177,0.024462889,4
RLF,qutrit,3,3,0,3,,45,0.6821964,0.02337406,4
RLF,qutrit,3,3,0,3,,46,0.684660479,0.023465846,4
RLF,qutrit,3,3,0,3,,47,0.68738186,0.022372141,4
RLF,qutrit,3,3,0,3,,48,0.691400809,0.022573484,4
RLF,qutrit,3,3,0,3,,49,0.693000966,0.024542522,4
RLF,qutrit,3,3,0,3,,50,0.694029361,0.0240007,4
RLF,qutrit,3,3,0,3,,51,0.696715395,0.027271359,4
RLF,qutrit,3,3,0,3,,52,0.697172777,0.025780189,4
RLF,qutrit,3,3,0,3,,53,0.700238255,0.02580548,4
RLF,qutrit,3,3,0,3,,54,0.703273566,0.027885318,4
RLF,qutrit,3,3,0,3,,55,0.705326355,0.027534602,4
RLF,qutrit,3,3,0,3,,56,0.707384281,0.024866311,4
RLF,qutrit,3,3,0,3,,57,0.709345052,0.025799924,4
RLF,qutrit,3,3,0,3,,58,0.711375373,0.027934806,4
RLF,qutrit,3,3,0,3,,59,0.713457534,0.025324297,4
RLF,qutrit,3,3,0,3,,60,0.714495986,0.02626666,4
RLF,qutrit,3,3,0,3,,61,0.716536374,0.030609938,4
RLF,qutrit,3,3,0,3,,62,0.717563745,0.030609935,4
RLF,qutrit,3,3,0,3,,63,0.719648106,0.02996626,4
RLF,qutrit,3,3,0,3,,64,0.723690852,0.030513127,4
RLF,qutrit,3,3,0,3,,65,0.726749727,0.029785029,4
RLF,qutrit,3,3,0,3,,66,0.728774715,0.028603173,4
RLF,qutrit,3,3,0,3,,67,0.730870555,0.02665171,4
RLF,qutrit,3,3,0,3,,68,0.733908856,0.024889193,4
RLF,qutrit,3,3,0,3,,69,0.736951716,0.024041758,4
RLF,qutrit,3,3,0,3,,70,0.739743164,0.025515515,4
RLF,qutrit,3,3,0,3,,71,0.742800588,0.026876533,4
RLF,qutrit,3,3,0,3,,72,0.746801533,0.026622981,4
RLF,qutrit,3,3,0,3,,73,0.748023228,0.026194238,4
RLF,qutrit,3,3,0,3,,74,0.752035677,0.025665741,4
RLF,qutrit,3,3,0,3,,75,0.757079181,0.023792922,4
RLF,qutrit,3,3,0,3,,76,0.762808812,0.023320259,4
RLF,qutrit,3,3,0,3,,77,0.767809505,0.023098801,4
RLF,qutrit,3,3,0,3,,78,0.772810522,0.022373777,4
RLF,qutrit,3,3,0,3,,79,0.778105219,0.022373778,4
RLF,qutrit,3,3,0,3,,80,0.781052189,0.022373782,4
RLF,qutrit,3,3,0,3,,81,0.786162165,0.02422982,4
RLF,qutrit,3,3,0,3,,82,0.791621653,0.024229822,4
RLF,qutrit,3,3,0,3,,83,0.798180038,0.024563863,4
RLF,qutrit,3,3,0,3,,84,0.803254933,0.028967588,4
RLF,qutrit,3,3,0,3,,85,0.806341696,0.028955579,4
RLF,qutrit,3,3,0,3,,86,0.814341696,0.028955581,4
RLF,qutrit,3,3,0,3,,87,0.817378604,0.027948135,4
RLF,qutrit,3,3,0,3,,88,0.821786043,0.027948134,4
RLF,qutrit,3,3,0,3,,89,0.827860425,0.027948137,4
RLF,qutrit,3,3,0,3,,90,0.834860428,0.027948138,4
RLF,qutrit,3,3,0,3,,91,0.838863492,0.027382439,4
RLF,qutrit,3,3,0,3,,92,0.843886349,0.027382439,4
RLF,qutrit,3,3,0,3,,93,0.847133646,0.026401684,4
RLF,qutrit,3,3,0,3,,94,0.853422248,0.027238011,4
RLF,qutrit,3,3,0,3,,95,0.857422248,0.027238013,4
RLF,qutrit,3,3,0,3,,96,0.863422248,0.027238011,4
RLF,qutrit,3,3,0,3,,97,0.869422248,0.027238011,4
RLF,qutrit,3,3,0,3,,98,0.874422248,0.027238012,4
RLF,qutrit,3,3,0,3,,99,0.878422248,0.027238013,4
RLF,qutrit,3,3,0,3,,100,0.883543689,0.024887104,3
RLF,qutrit,3,3,0,3,,101,0.887563242,0.022964113,3
RLF,qutrit,3,3,0,3,,102,0.893589556,0.021757401,3
RLF,qutrit,3,3,0,3,,103,0.89668487,0.024076106,3
RLF,qutrit,3,3,0,3,,104,0.900871032,0.024054787,3
RLF,qutrit,3,3,0,3,,105,0.908748994,0.02484962,3
RLF,qutrit,3,3,0,3,,106,0.913888748,0.021309742,3
RLF,qutrit,3,3,0,3,,107,0.917795505,0.022148115,3
RLF,qutrit,3,3,0,3,,108,0.92406093,0.019276781,3
RLF,qutrit,3,3,0,3,,109,0.927087703,0.018139824,3
RLF,qutrit,3,3,0,3,,110,0.932108514,0.018212192,3
RLF,qutrit,3,3,0,3,,111,0.93724321,0.014605913,3
RLF,qutrit,3,3,0,3,,112,0.943595795,0.014843984,3
RLF,qutrit,3,3,0,3,,113,0.948054264,0.018091789,3
RLF,qutrit,3,3,0,3,,114,0.951305427,0.018091788,3
RLF,qutrit,3,3,0,3,,115,0.956421454,0.016153895,3
RLF,qutrit,3,3,0,3,,116,0.960921451,0.016153896,3
RLF,qutrit,3,3,0,3,,117,0.964726421,0.016153896,3
RLF,qutrit,3,3,0,3,,118,0.968642145,0.016153898,3
RLF,qutrit,3,3,0,3,,119,0.971846421,0.016153895,3
RLF,qutrit,3,3,0,3,,120,0.976694642,0.016153896,3
RLF,qutrit,3,3,0,3,,121,0.981946422,0.016153897,3
RLF,qutrit,3,3,0,3,,122,0.985146422,0.016153894,3
RLF,qutrit,3,3,0,3,,123,0.988524642,0.016153896,3
RLF,qutrit,3,3,0,3,,124,0.989034642,0.016153901,3
RLF,qutrit,3,3,0,3,,125,0.989246421,0.016153899,3
RLF,qutrit,3,3,0,3,,126,0.989654642,0.016153895,3
RLF,qutrit,3,3,0,3,,127,0.990642146,0.016153899,3
RLF,qutrit,3,3,0,3,,128,0.991736421,0.016153896,3
RLF,qutrit,3,3,0,3,,129,0.992805464,0.016153897,3
RLF,qutrit,3,3,0,3,,130,0.993874642,0.016153899,3
RLF,qutrit,3,3,0,3,,131,0.994046421,0.016153897,3
RLF,qutrit,3,3,0,3,,132,0.995346421,0.016153893,3
RLF,qutrit,3,3,0,3,,133,0.99646421,0.016153898,3
RLF,qutrit,3,3,0,3,,134,0.99751581,0.013486331,2
RLF,qutrit,3,3,0,3,,135,0.99855695,0.011605554,2
RLF,qutrit,3,3,0,3,,136,0.9990557,0.011605554,2
RLF,qutrit,3,3,0,3,,137,0.9993557,0.011605552,2
RLF,qutrit,3,3,0,3,,138,0.99955695,0.011605558,2
RLF,qutrit,3,3,0,3,,139,0.9998557,0.011605557,2
RLF,qutrit,3,3,0,3,,140,1,0.011605558,2
RLF,qutrit,3,3,0,3,,141,1,0.013218135,2
RLF,qutrit,3,3,0,3,,142,1,0.013218131,2
RLF,qutrit,3,3,0,3,,143,1,0.01321813,2
RLF,qutrit,3,3,0,3,,144,1,0.013218132,2
RLF,qutrit,3,3,0,3,,145,1,0.013218134,2
RLF,qutrit,3,3,0,3,,146,1,0.013218134,2
RLF,qutrit,3,3,0,3,,147,1,0.013218132,2
RLF,qutrit,3,3,0,3,,148,1,0.013218134,1
RLF,qutrit,3,3,0,3,,149,1,0.013218131,1
RLF,hybrid,,,1,1,1q⊗1t,1,0.652780588,0.051012645,4
RLF,hybrid,,,1,1,1q⊗1t,2,0.703958969,0.035450437,3
RLF,hybrid,,,1,1,1q⊗1t,3,0.708806365,0.033238718,2
RLF,hybrid,,,1,1,1q⊗1t,4,0.743348663,0.02051713,2
RLF,hybrid,,,1,1,1q⊗1t,5,0.770521982,0.030156943,2
RLF,hybrid,,,1,1,1q⊗1t,6,0.796585458,0.026515992,2
RLF,hybrid,,,1,1,1q⊗1t,7,0.83820369,0.028806208,2
RLF,hybrid,,,1,1,1q⊗1t,8,0.8448126,0.040462887,2
RLF,hybrid,,,1,1,1q⊗1t,9,0.859493141,0.03790371,2
RLF,hybrid,,,1,1,1q⊗1t,10,0.872509698,0.035299855,2
RLF,hybrid,,,1,1,1q⊗1t,11,0.89117693,0.038990262,2
RLF,hybrid,,,1,1,1q⊗1t,12,0.921185851,0.030713931,2
RLF,hybrid,,,1,1,1q⊗1t,13,0.943127738,0.022804082,2
RLF,hybrid,,,1,1,1q⊗1t,14,0.965127739,0.022804081,2
RLF,hybrid,,,1,1,1q⊗1t,15,0.987670725,0.031354828,2
RLF,hybrid,,,1,1,1q⊗1t,16,0.99837105,3.62E-09,2
RLF,hybrid,,,1,2,1q⊗2t,1,0.420220396,0.025700271,8
RLF,hybrid,,,1,2,1q⊗2t,2,0.463230939,0.026748087,6
RLF,hybrid,,,1,2,1q⊗2t,3,0.486951303,0.027970441,6
RLF,hybrid,,,1,2,1q⊗2t,4,0.506231392,0.029864032,5
RLF,hybrid,,,1,2,1q⊗2t,5,0.518573301,0.026911479,5
RLF,hybrid,,,1,2,1q⊗2t,6,0.536618965,0.022562362,4
RLF,hybrid,,,1,2,1q⊗2t,7,0.542782674,0.02033187,4
RLF,hybrid,,,1,2,1q⊗2t,8,0.556925721,0.018785458,4
RLF,hybrid,,,1,2,1q⊗2t,9,0.577565027,0.016830001,4
RLF,hybrid,,,1,2,1q⊗2t,10,0.594496229,0.014439542,4
RLF,hybrid,,,1,2,1q⊗2t,11,0.606844728,0.016203822,4
RLF,hybrid,,,1,2,1q⊗2t,12,0.615162721,0.017519622,4
RLF,hybrid,,,1,2,1q⊗2t,13,0.621265016,0.01962042,4
RLF,hybrid,,,1,2,1q⊗2t,14,0.631593404,0.02054214,4
RLF,hybrid,,,1,2,1q⊗2t,15,0.644448445,0.022256489,4
RLF,hybrid,,,1,2,1q⊗2t,16,0.64990285,0.020271859,4
RLF,hybrid,,,1,2,1q⊗2t,17,0.651575635,0.020526591,4
RLF,hybrid,,,1,2,1q⊗2t,18,0.662640672,0.022297845,4
RLF,hybrid,,,1,2,1q⊗2t,19,0.669102467,0.019780396,4
RLF,hybrid,,,1,2,1q⊗2t,20,0.681322288,0.020346728,4
RLF,hybrid,,,1,2,1q⊗2t,21,0.695303132,0.021226837,4
RLF,hybrid,,,1,2,1q⊗2t,22,0.704102369,0.02244013,4
RLF,hybrid,,,1,2,1q⊗2t,23,0.719094167,0.029345132,4
RLF,hybrid,,,1,2,1q⊗2t,24,0.723250281,0.033031157,4
RLF,hybrid,,,1,2,1q⊗2t,25,0.724316524,0.033241921,4
RLF,hybrid,,,1,2,1q⊗2t,26,0.740583683,0.025713057,4
RLF,hybrid,,,1,2,1q⊗2t,27,0.744407492,0.025927743,4
RLF,hybrid,,,1,2,1q⊗2t,28,0.752566266,0.023498281,4
RLF,hybrid,,,1,2,1q⊗2t,29,0.757306341,0.023363409,4
RLF,hybrid,,,1,2,1q⊗2t,30,0.76209759,0.026109903,4
RLF,hybrid,,,1,2,1q⊗2t,31,0.773512527,0.026121654,4
RLF,hybrid,,,1,2,1q⊗2t,32,0.779075706,0.026485554,4
RLF,hybrid,,,1,2,1q⊗2t,33,0.780970134,0.027543374,4
RLF,hybrid,,,1,2,1q⊗2t,34,0.785328708,0.026876465,4
RLF,hybrid,,,1,2,1q⊗2t,35,0.785328675,0.026876412,4
RLF,hybrid,,,1,2,1q⊗2t,36,0.786207885,0.026655577,4
RLF,hybrid,,,1,2,1q⊗2t,37,0.792404555,0.025179377,4
RLF,hybrid,,,1,2,1q⊗2t,38,0.800495227,0.026608081,4
RLF,hybrid,,,1,2,1q⊗2t,39,0.809338113,0.028222611,4
RLF,hybrid,,,1,2,1q⊗2t,40,0.812148648,0.028822946,4
RLF,hybrid,,,1,2,1q⊗2t,41,0.82229481,0.032003683,4
RLF,hybrid,,,1,2,1q⊗2t,42,0.822294806,0.032003689,4
RLF,hybrid,,,1,2,1q⊗2t,43,0.822294814,0.032003658,4
RLF,hybrid,,,1,2,1q⊗2t,44,0.822294826,0.032003686,4
RLF,hybrid,,,1,2,1q⊗2t,45,0.834903159,0.031401153,3
RLF,hybrid,,,1,2,1q⊗2t,46,0.835784557,0.032298199,3
RLF,hybrid,,,1,2,1q⊗2t,47,0.838673118,0.032575581,3
RLF,hybrid,,,1,2,1q⊗2t,48,0.8413493,0.033275903,3
RLF,hybrid,,,1,2,1q⊗2t,49,0.846998142,0.03612482,3
RLF,hybrid,,,1,2,1q⊗2t,50,0.853705192,0.033808468,3
RLF,hybrid,,,1,2,1q⊗2t,51,0.859367914,0.033912469,3
RLF,hybrid,,,1,2,1q⊗2t,52,0.864942401,0.030482181,3
RLF,hybrid,,,1,2,1q⊗2t,53,0.86884231,0.029883461,3
RLF,hybrid,,,1,2,1q⊗2t,54,0.87361435,0.030150943,3
RLF,hybrid,,,1,2,1q⊗2t,55,0.873614085,0.030150684,3
RLF,hybrid,,,1,2,1q⊗2t,56,0.880970259,0.032559877,3
RLF,hybrid,,,1,2,1q⊗2t,57,0.880970216,0.032559835,3
RLF,hybrid,,,1,2,1q⊗2t,58,0.880970397,0.032559859,3
RLF,hybrid,,,1,2,1q⊗2t,59,0.883063704,0.032581067,3
RLF,hybrid,,,1,2,1q⊗2t,60,0.88681238,0.029442395,3
RLF,hybrid,,,1,2,1q⊗2t,61,0.890574066,0.027921068,3
RLF,hybrid,,,1,2,1q⊗2t,62,0.898582588,0.024018419,3
RLF,hybrid,,,1,2,1q⊗2t,63,0.901192505,0.019923577,3
RLF,hybrid,,,1,2,1q⊗2t,64,0.906119251,0.01992358,3
RLF,hybrid,,,1,2,1q⊗2t,65,0.912142554,0.01868733,3
RLF,hybrid,,,1,2,1q⊗2t,66,0.917224929,0.020309295,3
RLF,hybrid,,,1,2,1q⊗2t,67,0.922492938,0.020309298,3
RLF,hybrid,,,1,2,1q⊗2t,68,0.928432467,0.013001433,3
RLF,hybrid,,,1,2,1q⊗2t,69,0.934500408,0.014261564,3
RLF,hybrid,,,1,2,1q⊗2t,70,0.938626802,0.010396392,3
RLF,hybrid,,,1,2,1q⊗2t,71,0.946268024,0.010396391,3
RLF,hybrid,,,1,2,1q⊗2t,72,0.956268024,0.010396393,3
RLF,hybrid,,,1,2,1q⊗2t,73,0.962680238,0.01039639,3
RLF,hybrid,,,1,2,1q⊗2t,74,0.971074974,0.008855741,3
RLF,hybrid,,,1,2,1q⊗2t,75,0.980295541,0.012974232,3
RLF,hybrid,,,1,2,1q⊗2t,76,0.985862133,0.010160667,3
RLF,hybrid,,,1,2,1q⊗2t,77,0.988586213,0.010160663,3
RLF,hybrid,,,1,2,1q⊗2t,78,0.990330465,3.31E-09,3
RLF,hybrid,,,1,2,1q⊗2t,79,0.992003269,3.91E-09,3
RLF,hybrid,,,1,2,1q⊗2t,80,0.994331262,2.40E-09,3
RLF,hybrid,,,1,2,1q⊗2t,81,0.99516795,3.34E-09,3
RLF,hybrid,,,1,2,1q⊗2t,82,0.9977268,2.31E-09,3
RLF,hybrid,,,1,2,1q⊗2t,83,0.998324253,1.90E-09,3
RLF,hybrid,,,1,2,1q⊗2t,84,0.999032907,3.26E-09,3
RLF,hybrid,,,1,2,1q⊗2t,85,0.999430097,3.68E-09,3
RLF,hybrid,,,1,2,1q⊗2t,86,1.000000033,1.94E-09,3
RLF,hybrid,,,1,2,1q⊗2t,87,1.000000032,3.32E-09,3
RLF,hybrid,,,1,2,1q⊗2t,88,1.000000033,2.18E-09,2
RLF,hybrid,,,1,2,1q⊗2t,89,1.000000033,3.18E-09,2
RLF,hybrid,,,1,2,1q⊗2t,90,1.000000032,2.57E-09,2
RLF,hybrid,,,1,2,1q⊗2t,91,1.000000032,4.15E-09,2
RLF,hybrid,,,2,1,2q⊗1t,1,0.517161473,0.033165357,8
RLF,hybrid,,,2,1,2q⊗1t,2,0.557310927,0.040512156,5
RLF,hybrid,,,2,1,2q⊗1t,3,0.594971776,0.034750052,4
RLF,hybrid,,,2,1,2q⊗1t,4,0.626368536,0.030487847,4
RLF,hybrid,,,2,1,2q⊗1t,5,0.639767134,0.030563563,4
RLF,hybrid,,,2,1,2q⊗1t,6,0.662606491,0.028108393,4
RLF,hybrid,,,2,1,2q⊗1t,7,0.689349899,0.025483377,4
RLF,hybrid,,,2,1,2q⊗1t,8,0.702638998,0.027215199,4
RLF,hybrid,,,2,1,2q⊗1t,9,0.710572295,0.03035053,4
RLF,hybrid,,,2,1,2q⊗1t,10,0.724900416,0.026684035,4
RLF,hybrid,,,2,1,2q⊗1t,11,0.734820933,0.026477291,4
RLF,hybrid,,,2,1,2q⊗1t,12,0.755136287,0.027087435,4
RLF,hybrid,,,2,1,2q⊗1t,13,0.770756843,0.029474293,4
RLF,hybrid,,,2,1,2q⊗1t,14,0.782453371,0.030427504,4
RLF,hybrid,,,2,1,2q⊗1t,15,0.792074566,0.031662751,4
RLF,hybrid,,,2,1,2q⊗1t,16,0.805316387,0.031441794,4
RLF,hybrid,,,2,1,2q⊗1t,17,0.812863401,0.029121781,4
RLF,hybrid,,,2,1,2q⊗1t,18,0.817850016,0.031012642,4
RLF,hybrid,,,2,1,2q⊗1t,19,0.839502,0.032885516,3
RLF,hybrid,,,2,1,2q⊗1t,20,0.854663272,0.026846575,3
RLF,hybrid,,,2,1,2q⊗1t,21,0.87137226,0.024679397,3
RLF,hybrid,,,2,1,2q⊗1t,22,0.88327393,0.021853433,3
RLF,hybrid,,,2,1,2q⊗1t,23,0.904473841,0.024690538,3
RLF,hybrid,,,2,1,2q⊗1t,24,0.906108301,0.02374971,3
RLF,hybrid,,,2,1,2q⊗1t,25,0.912212087,0.023701635,3
RLF,hybrid,,,2,1,2q⊗1t,26,0.931741261,0.030526111,3
RLF,hybrid,,,2,1,2q⊗1t,27,0.9463308,2.63E-09,3
RLF,hybrid,,,2,1,2q⊗1t,28,0.952765,4.08E-09,3
RLF,hybrid,,,2,1,2q⊗1t,29,0.9660591,3.62E-09,3
RLF,hybrid,,,2,1,2q⊗1t,30,0.97987,2.07E-09,3
RLF,hybrid,,,2,1,2q⊗1t,31,0.9830788,2.29E-09,3
RLF,hybrid,,,2,1,2q⊗1t,32,0.9907115,5.36E-09,3
RLF,hybrid,,,2,1,2q⊗1t,33,0.9945549,4.33E-09,3
RLF,hybrid,,,2,1,2q⊗1t,34,0.9974167,4.31E-09,3
RLF,hybrid,,,2,1,2q⊗1t,35,0.999766,2.21E-09,3
RLF,hybrid,,,2,1,2q⊗1t,36,1.000000024,2.88E-09,3
RLF,hybrid,,,2,1,2q⊗1t,37,1.000000025,5.53E-09,3
RLF,hybrid,,,2,1,2q⊗1t,38,1.000000022,3.61E-09,3
RLF,hybrid,,,2,1,2q⊗1t,39,1.000000022,2.99E-09,2
RLF,hybrid,,,2,1,2q⊗1t,40,1.000000021,4.04E-09,2
RLF,hybrid,,,2,1,2q⊗1t,41,1.000000023,3.81E-09,2
GNN,qubit,2,2,2,0,,1,0.753864552,0.048282908,3
GNN,qubit,2,2,2,0,,2,0.803499315,0.024568295,2
GNN,qubit,2,2,2,0,,3,0.862068543,0.025235768,2
GNN,qubit,2,2,2,0,,4,0.908565606,0.04246046,2
GNN,qubit,2,2,2,0,,5,0.948293041,0.039985184,2
GNN,qubit,2,2,2,0,,6,0.981947682,0.030575143,2
GNN,qubit,2,2,2,0,,7,1.000000001,1.67E-09,2
GNN,qubit,2,3,3,0,,1,0.581124973,0.020478594,7
GNN,qubit,2,3,3,0,,2,0.635427598,0.02504796,7
GNN,qubit,2,3,3,0,,3,0.671904792,0.027425459,7
GNN,qubit,2,3,3,0,,4,0.73528788,0.033500417,7
GNN,qubit,2,3,3,0,,5,0.77905636,0.034893328,4
GNN,qubit,2,3,3,0,,6,0.817831262,0.033013901,4
GNN,qubit,2,3,3,0,,7,0.847995952,0.028685784,4
GNN,qubit,2,3,3,0,,8,0.870761233,0.037221682,4
GNN,qubit,2,3,3,0,,9,0.923376644,0.027562496,4
GNN,qubit,2,3,3,0,,10,0.955331679,0.030455553,4
GNN,qubit,2,3,3,0,,11,0.976770338,0.042270598,3
GNN,qubit,2,3,3,0,,12,0.994502048,0.042461345,2
GNN,qubit,2,4,4,0,,1,0.431260681,0.026559809,15
GNN,qubit,2,4,4,0,,2,0.495257516,0.036735236,15
GNN,qubit,2,4,4,0,,3,0.541815324,0.036215069,15
GNN,qubit,2,4,4,0,,4,0.567588824,0.031927978,8
GNN,qubit,2,4,4,0,,5,0.585487161,0.029441577,8
GNN,qubit,2,4,4,0,,6,0.594201246,0.029965829,8
GNN,qubit,2,4,4,0,,7,0.619243053,0.023579763,8
GNN,qubit,2,4,4,0,,8,0.633451286,0.021371602,8
GNN,qubit,2,4,4,0,,9,0.647355053,0.027546059,8
GNN,qubit,2,4,4,0,,10,0.667637238,0.032363588,8
GNN,qubit,2,4,4,0,,11,0.682232869,0.032584834,8
GNN,qubit,2,4,4,0,,12,0.696970286,0.03192748,8
GNN,qubit,2,4,4,0,,13,0.711387676,0.033409079,8
GNN,qubit,2,4,4,0,,14,0.731920172,0.028144114,8
GNN,qubit,2,4,4,0,,15,0.752484175,0.025993139,8
GNN,qubit,2,4,4,0,,16,0.773424122,0.027652066,8
GNN,qubit,2,4,4,0,,17,0.79288707,0.027217459,8
GNN,qubit,2,4,4,0,,18,0.831291499,0.026171085,8
GNN,qubit,2,4,4,0,,19,0.854695907,0.026055661,6
GNN,qubit,2,4,4,0,,20,0.875919824,0.020863944,6
GNN,qubit,2,4,4,0,,21,0.886517817,0.02262574,6
GNN,qubit,2,4,4,0,,22,0.89967335,0.022247475,6
GNN,qubit,2,4,4,0,,23,0.91672667,0.02241583,6
GNN,qubit,2,4,4,0,,24,0.931512516,0.020310791,6
GNN,qubit,2,4,4,0,,25,0.9547277,0.021997362,4
GNN,qubit,2,4,4,0,,26,0.962107196,0.014509859,4
GNN,qubit,2,4,4,0,,27,0.975107196,0.014509858,3
GNN,qubit,2,4,4,0,,28,0.982599413,0.014511834,2
GNN,qubit,2,4,4,0,,29,0.993759035,0.018463793,2
GNN,qubit,2,5,5,0,,1,0.324127654,0.009622611,31
GNN,qubit,2,5,5,0,,2,0.391786082,0.009385376,31
GNN,qubit,2,5,5,0,,3,0.42987214,0.013688798,16
GNN,qubit,2,5,5,0,,4,0.446520123,0.012421103,16
GNN,qubit,2,5,5,0,,5,0.453847221,0.011578345,16
GNN,qubit,2,5,5,0,,6,0.461305645,0.013633331,16
GNN,qubit,2,5,5,0,,7,0.476528896,0.012522054,16
GNN,qubit,2,5,5,0,,8,0.489245136,0.010949796,16
GNN,qubit,2,5,5,0,,9,0.490590281,0.012627735,16
GNN,qubit,2,5,5,0,,10,0.50939402,0.014502492,16
GNN,qubit,2,5,5,0,,11,0.510004735,0.020378339,16
GNN,qubit,2,5,5,0,,12,0.52127605,0.018504807,16
GNN,qubit,2,5,5,0,,13,0.532603034,0.019488946,16
GNN,qubit,2,5,5,0,,14,0.544003833,0.017159696,16
GNN,qubit,2,5,5,0,,15,0.553334164,0.01678076,16
GNN,qubit,2,5,5,0,,16,0.564768632,0.016394439,16
GNN,qubit,2,5,5,0,,17,0.574172015,0.01695612,16
GNN,qubit,2,5,5,0,,18,0.58305638,0.017540782,16
GNN,qubit,2,5,5,0,,19,0.592371626,0.017272825,16
GNN,qubit,2,5,5,0,,20,0.603259079,0.0159693,16
GNN,qubit,2,5,5,0,,21,0.613530372,0.015685103,16
GNN,qubit,2,5,5,0,,22,0.624861634,0.015083673,16
GNN,qubit,2,5,5,0,,23,0.633585922,0.014866323,16
GNN,qubit,2,5,5,0,,24,0.645734446,0.014475911,16
GNN,qubit,2,5,5,0,,25,0.656823949,0.015097781,16
GNN,qubit,2,5,5,0,,26,0.669101377,0.01542477,16
GNN,qubit,2,5,5,0,,27,0.679705299,0.015411091,16
GNN,qubit,2,5,5,0,,28,0.690343444,0.016122434,16
GNN,qubit,2,5,5,0,,29,0.702492958,0.017669918,16
GNN,qubit,2,5,5,0,,30,0.715163535,0.020133191,16
GNN,qubit,2,5,5,0,,31,0.726053493,0.020722873,16
GNN,qubit,2,5,5,0,,32,0.730675115,0.019125963,12
GNN,qubit,2,5,5,0,,33,0.741210703,0.018603045,12
GNN,qubit,2,5,5,0,,34,0.768164973,0.016132779,12
GNN,qubit,2,5,5,0,,35,0.781111866,0.020196778,12
GNN,qubit,2,5,5,0,,36,0.798449092,0.019079769,12
GNN,qubit,2,5,5,0,,37,0.79878615,0.014917598,12
GNN,qubit,2,5,5,0,,38,0.809432886,0.014705951,12
GNN,qubit,2,5,5,0,,39,0.815027983,0.016339943,12
GNN,qubit,2,5,5,0,,40,0.828546266,0.016375233,12
GNN,qubit,2,5,5,0,,41,0.832757999,0.015496839,12
GNN,qubit,2,5,5,0,,42,0.845416422,0.015681106,12
GNN,qubit,2,5,5,0,,43,0.852906368,0.015988662,12
GNN,qubit,2,5,5,0,,44,0.870954538,0.01377685,12
GNN,qubit,2,5,5,0,,45,0.883911371,0.012047372,12
GNN,qubit,2,5,5,0,,46,0.892360546,0.012727232,12
GNN,qubit,2,5,5,0,,47,0.912360548,0.01272723,10
GNN,qubit,2,5,5,0,,48,0.921736107,0.011956305,10
GNN,qubit,2,5,5,0,,49,0.929522835,0.013137774,10
GNN,qubit,2,5,5,0,,50,0.931759514,0.012061709,10
GNN,qubit,2,5,5,0,,51,0.94379365,0.011419941,10
GNN,qubit,2,5,5,0,,52,0.957936496,0.011419943,10
GNN,qubit,2,5,5,0,,53,0.969790688,0.013886086,10
GNN,qubit,2,5,5,0,,54,0.970691777,0.013886089,10
GNN,qubit,2,5,5,0,,55,0.986564508,0.012361908,6
GNN,qubit,2,5,5,0,,56,0.992674444,0.010986171,6
GNN,qubit,2,5,5,0,,57,0.99532456,0.012998633,6
GNN,qubit,2,5,5,0,,58,0.997532456,0.012998633,6
GNN,qubit,2,5,5,0,,59,0.998532456,0.012998632,5
GNN,qubit,2,5,5,0,,60,0.999791141,0.006300431,5
GNN,qubit,2,5,5,0,,61,0.999979114,0.00630043,5
GNN,qubit,2,5,5,0,,62,1.000000059,3.35E-09,4
GNN,qubit,2,5,5,0,,63,1.000000057,5.67E-09,4
GNN,qubit,2,5,5,0,,64,1.000000057,4.91E-09,4
GNN,qubit,2,5,5,0,,65,1.000000058,4.08E-09,3
GNN,qutrit,3,2,0,2,,1,0.557080041,0.012383802,4
GNN,qutrit,3,2,0,2,,2,0.585870422,0.020823682,4
GNN,qutrit,3,2,0,2,,3,0.602863632,0.024288373,4
GNN,qutrit,3,2,0,2,,4,0.640016062,0.031224783,4
GNN,qutrit,3,2,0,2,,5,0.672055721,0.036712938,4
GNN,qutrit,3,2,0,2,,6,0.684851219,0.031683934,3
GNN,qutrit,3,2,0,2,,7,0.693063402,0.033567364,3
GNN,qutrit,3,2,0,2,,8,0.708283895,0.030347681,3
GNN,qutrit,3,2,0,2,,9,0.715708269,0.030036082,3
GNN,qutrit,3,2,0,2,,10,0.726219174,0.020643358,3
GNN,qutrit,3,2,0,2,,11,0.737765951,0.027515368,3
GNN,qutrit,3,2,0,2,,12,0.754168117,0.026950065,3
GNN,qutrit,3,2,0,2,,13,0.778138781,0.024039277,3
GNN,qutrit,3,2,0,2,,14,0.799639287,0.019765668,2
GNN,qutrit,3,2,0,2,,15,0.816954687,0.021535698,2
GNN,qutrit,3,2,0,2,,16,0.82398206,0.018265504,2
GNN,qutrit,3,2,0,2,,17,0.831037721,0.016109869,2
GNN,qutrit,3,2,0,2,,18,0.845127478,0.015844377,2
GNN,qutrit,3,2,0,2,,19,0.858291807,0.024917209,2
GNN,qutrit,3,2,0,2,,20,0.878426434,0.025978511,2
GNN,qutrit,3,2,0,2,,21,0.8996313,0.023909169,2
GNN,qutrit,3,2,0,2,,22,0.91386898,0.020056209,2
GNN,qutrit,3,2,0,2,,23,0.9282105,0.029093344,2
GNN,qutrit,3,2,0,2,,24,0.930433673,0.0395177,2
GNN,qutrit,3,2,0,2,,25,0.941561407,0.035039047,2
GNN,qutrit,3,2,0,2,,26,0.952931804,0.031921839,2
GNN,qutrit,3,2,0,2,,27,0.965632667,0.019565632,2
GNN,qutrit,3,2,0,2,,28,0.978773497,0.018191404,2
GNN,qutrit,3,2,0,2,,29,0.987475158,0.026242816,2
GNN,qutrit,3,2,0,2,,30,0.990512794,4.22E-09,2
GNN,qutrit,3,2,0,2,,31,0.998275461,4.18E-09,2
GNN,qutrit,3,3,0,3,,1,0.352237062,0.045849438,12
GNN,qutrit,3,3,0,3,,2,0.391968626,0.038793482,12
GNN,qutrit,3,3,0,3,,3,0.420434001,0.035546955,11
GNN,qutrit,3,3,0,3,,4,0.446981415,0.027891597,10
GNN,qutrit,3,3,0,3,,5,0.463220323,0.027729533,9
GNN,qutrit,3,3,0,3,,6,0.470206814,0.025640965,9
GNN,qutrit,3,3,0,3,,7,0.477492229,0.024289603,9
GNN,qutrit,3,3,0,3,,8,0.482814907,0.022879743,9
GNN,qutrit,3,3,0,3,,9,0.488569881,0.021189808,9
GNN,qutrit,3,3,0,3,,10,0.493568869,0.021427905,9
GNN,qutrit,3,3,0,3,,11,0.49901165,0.019281523,9
GNN,qutrit,3,3,0,3,,12,0.505371649,0.020346513,9
GNN,qutrit,3,3,0,3,,13,0.511318751,0.019533151,9
GNN,qutrit,3,3,0,3,,14,0.516927733,0.019044486,9
GNN,qutrit,3,3,0,3,,15,0.525849779,0.015615251,8
GNN,qutrit,3,3,0,3,,16,0.528005237,0.015606358,8
GNN,qutrit,3,3,0,3,,17,0.531594564,0.01640428,8
GNN,qutrit,3,3,0,3,,18,0.534594652,0.017154331,8
GNN,qutrit,3,3,0,3,,19,0.538201433,0.018692998,8
GNN,qutrit,3,3,0,3,,20,0.541704514,0.017551076,7
GNN,qutrit,3,3,0,3,,21,0.543778728,0.01913244,7
GNN,qutrit,3,3,0,3,,22,0.54682563,0.019106884,7
GNN,qutrit,3,3,0,3,,23,0.550993503,0.01987472,7
GNN,qutrit,3,3,0,3,,24,0.555932434,0.018917518,7
GNN,qutrit,3,3,0,3,,25,0.561677861,0.017849469,7
GNN,qutrit,3,3,0,3,,26,0.567195069,0.01765556,7
GNN,qutrit,3,3,0,3,,27,0.57354118,0.015760246,7
GNN,qutrit,3,3,0,3,,28,0.579628086,0.020912701,6
GNN,qutrit,3,3,0,3,,29,0.582073949,0.019662615,6
GNN,qutrit,3,3,0,3,,30,0.587485995,0.018352283,6
GNN,qutrit,3,3,0,3,,31,0.592236914,0.016601004,6
GNN,qutrit,3,3,0,3,,32,0.595140138,0.015869679,6
GNN,qutrit,3,3,0,3,,33,0.598385717,0.014284291,6
GNN,qutrit,3,3,0,3,,34,0.602436235,0.014667096,6
GNN,qutrit,3,3,0,3,,35,0.605214342,0.014407856,6
GNN,qutrit,3,3,0,3,,36,0.608107125,0.015217886,6
GNN,qutrit,3,3,0,3,,37,0.612240783,0.01525436,6
GNN,qutrit,3,3,0,3,,38,0.612936495,0.014613618,6
GNN,qutrit,3,3,0,3,,39,0.615142759,0.015001324,6
GNN,qutrit,3,3,0,3,,40,0.61776265,0.017483243,6
GNN,qutrit,3,3,0,3,,41,0.621142299,0.018034077,6
GNN,qutrit,3,3,0,3,,42,0.62483046,0.018055668,6
GNN,qutrit,3,3,0,3,,43,0.627246835,0.019159077,6
GNN,qutrit,3,3,0,3,,44,0.630653159,0.018043099,6
GNN,qutrit,3,3,0,3,,45,0.633205944,0.017413621,6
GNN,qutrit,3,3,0,3,,46,0.636319915,0.01704239,6
GNN,qutrit,3,3,0,3,,47,0.639747568,0.016481031,6
GNN,qutrit,3,3,0,3,,48,0.642155466,0.01607915,6
GNN,qutrit,3,3,0,3,,49,0.645540671,0.015142452,6
GNN,qutrit,3,3,0,3,,50,0.646886032,0.014820543,6
GNN,qutrit,3,3,0,3,,51,0.652239607,0.01360124,6
GNN,qutrit,3,3,0,3,,52,0.65412043,0.013563113,6
GNN,qutrit,3,3,0,3,,53,0.658390159,0.015223625,6
GNN,qutrit,3,3,0,3,,54,0.661491345,0.015117955,6
GNN,qutrit,3,3,0,3,,55,0.664348367,0.014870086,6
GNN,qutrit,3,3,0,3,,56,0.668306273,0.016059595,6
GNN,qutrit,3,3,0,3,,57,0.670580494,0.015289005,6
GNN,qutrit,3,3,0,3,,58,0.674310635,0.017631652,6
GNN,qutrit,3,3,0,3,,59,0.676269195,0.017316569,6
GNN,qutrit,3,3,0,3,,60,0.678787674,0.016880769,6
GNN,qutrit,3,3,0,3,,61,0.681397533,0.016474354,6
GNN,qutrit,3,3,0,3,,62,0.683721401,0.014957755,6
GNN,qutrit,3,3,0,3,,63,0.687772945,0.013308584,6
GNN,qutrit,3,3,0,3,,64,0.691295239,0.013448531,6
GNN,qutrit,3,3,0,3,,65,0.693069567,0.013592635,6
GNN,qutrit,3,3,0,3,,66,0.694629662,0.01319229,6
GNN,qutrit,3,3,0,3,,67,0.701277908,0.010854969,6
GNN,qutrit,3,3,0,3,,68,0.70505484,0.009930152,6
GNN,qutrit,3,3,0,3,,69,0.71016344,0.012304892,6
GNN,qutrit,3,3,0,3,,70,0.712804392,0.01115705,6
GNN,qutrit,3,3,0,3,,71,0.716141541,0.013543486,6
GNN,qutrit,3,3,0,3,,72,0.719320342,0.014670104,6
GNN,qutrit,3,3,0,3,,73,0.722798016,0.012883903,5
GNN,qutrit,3,3,0,3,,74,0.725402544,0.012434446,5
GNN,qutrit,3,3,0,3,,75,0.72725118,0.012403091,5
GNN,qutrit,3,3,0,3,,76,0.731261747,0.018132219,5
GNN,qutrit,3,3,0,3,,77,0.743379591,0.017702288,5
GNN,qutrit,3,3,0,3,,78,0.748537041,0.017030395,4
GNN,qutrit,3,3,0,3,,79,0.752640126,0.016965531,4
GNN,qutrit,3,3,0,3,,80,0.758742818,0.016925395,4
GNN,qutrit,3,3,0,3,,81,0.763845781,0.01762138,4
GNN,qutrit,3,3,0,3,,82,0.768974828,0.017227216,4
GNN,qutrit,3,3,0,3,,83,0.770750879,0.016927534,4
GNN,qutrit,3,3,0,3,,84,0.775175438,0.016294423,4
GNN,qutrit,3,3,0,3,,85,0.782759586,0.017309393,4
GNN,qutrit,3,3,0,3,,86,0.78837624,0.016877849,4
GNN,qutrit,3,3,0,3,,87,0.793847639,0.017141614,4
GNN,qutrit,3,3,0,3,,88,0.798576533,0.017150361,4
GNN,qutrit,3,3,0,3,,89,0.806769607,0.016818052,4
GNN,qutrit,3,3,0,3,,90,0.810772697,0.014930573,4
GNN,qutrit,3,3,0,3,,91,0.823877572,0.013763571,4
GNN,qutrit,3,3,0,3,,92,0.827977871,0.015051118,4
GNN,qutrit,3,3,0,3,,93,0.832907812,0.01437906,4
GNN,qutrit,3,3,0,3,,94,0.839137839,0.015398099,4
GNN,qutrit,3,3,0,3,,95,0.845918789,0.013917241,4
GNN,qutrit,3,3,0,3,,96,0.849217943,0.012992604,4
GNN,qutrit,3,3,0,3,,97,0.855928004,0.01555799,4
GNN,qutrit,3,3,0,3,,98,0.859328053,0.014672351,4
GNN,qutrit,3,3,0,3,,99,0.864936812,0.01615217,4
GNN,qutrit,3,3,0,3,,100,0.869411648,0.015146228,4
GNN,qutrit,3,3,0,3,,101,0.875946818,0.01472152,4
GNN,qutrit,3,3,0,3,,102,0.879528222,0.014718721,4
GNN,qutrit,3,3,0,3,,103,0.886956826,0.016923627,4
GNN,qutrit,3,3,0,3,,104,0.890608305,0.015364601,4
GNN,qutrit,3,3,0,3,,105,0.896483458,0.014637893,4
GNN,qutrit,3,3,0,3,,106,0.906784147,0.017486824,4
GNN,qutrit,3,3,0,3,,107,0.913708456,0.015402567,4
GNN,qutrit,3,3,0,3,,108,0.917348849,0.014241827,4
GNN,qutrit,3,3,0,3,,109,0.923785248,0.013882056,4
GNN,qutrit,3,3,0,3,,110,0.928055662,0.014561174,4
GNN,qutrit,3,3,0,3,,111,0.931825886,0.014414731,4
GNN,qutrit,3,3,0,3,,112,0.938363107,0.015397234,4
GNN,qutrit,3,3,0,3,,113,0.944846725,0.012407743,4
GNN,qutrit,3,3,0,3,,114,0.947857325,0.011744759,4
GNN,qutrit,3,3,0,3,,115,0.953868684,0.009856364,4
GNN,qutrit,3,3,0,3,,116,0.958798583,0.009321506,4
GNN,qutrit,3,3,0,3,,117,0.962880554,0.01398991,4
GNN,qutrit,3,3,0,3,,118,0.968915272,0.014618122,4
GNN,qutrit,3,3,0,3,,119,0.975902132,0.013049729,4
GNN,qutrit,3,3,0,3,,120,0.979132734,0.015112198,4
GNN,qutrit,3,3,0,3,,121,0.983924018,0.017603945,4
GNN,qutrit,3,3,0,3,,122,0.987935483,0.016475491,4
GNN,qutrit,3,3,0,3,,123,0.990460135,0.01631969,3
GNN,qutrit,3,3,0,3,,124,0.995760135,0.016319691,3
GNN,qutrit,3,3,0,3,,125,0.996860135,0.016319688,3
GNN,qutrit,3,3,0,3,,126,0.997601353,0.016319691,3
GNN,qutrit,3,3,0,3,,127,0.998475797,0.008623918,3
GNN,qutrit,3,3,0,3,,128,0.999804779,4.14E-09,3
GNN,hybrid,,,1,1,1q⊗1t,1,0.638305669,0.036518487,5
GNN,hybrid,,,1,1,1q⊗1t,2,0.673422146,0.055503029,3
GNN,hybrid,,,1,1,1q⊗1t,3,0.739881969,0.070467913,3
GNN,hybrid,,,1,1,1q⊗1t,4,0.7729306,0.050132092,2
GNN,hybrid,,,1,1,1q⊗1t,5,0.804188779,0.049443271,2
GNN,hybrid,,,1,1,1q⊗1t,6,0.836449461,0.029577422,2
GNN,hybrid,,,1,1,1q⊗1t,7,0.857588653,0.026446183,2
GNN,hybrid,,,1,1,1q⊗1t,8,0.889814669,0.027341665,2
GNN,hybrid,,,1,1,1q⊗1t,9,0.905231455,0.026654934,2
GNN,hybrid,,,1,1,1q⊗1t,10,0.910126722,0.015123357,2
GNN,hybrid,,,1,1,1q⊗1t,11,0.932917225,0.016486957,2
GNN,hybrid,,,1,1,1q⊗1t,12,0.948998565,0.021574684,2
GNN,hybrid,,,1,1,1q⊗1t,13,0.969825032,0.013421969,2
GNN,hybrid,,,1,1,1q⊗1t,14,0.97939711,3.85E-09,2
GNN,hybrid,,,1,1,1q⊗1t,15,0.9928454,5.86E-09,2
GNN,hybrid,,,1,2,1q⊗2t,1,0.415390633,0.018353328,10
GNN,hybrid,,,1,2,1q⊗2t,2,0.438703378,0.024102121,9
GNN,hybrid,,,1,2,1q⊗2t,3,0.467969037,0.030345571,9
GNN,hybrid,,,1,2,1q⊗2t,4,0.49193275,0.029443258,9
GNN,hybrid,,,1,2,1q⊗2t,5,0.51636263,0.02530652,8
GNN,hybrid,,,1,2,1q⊗2t,6,0.537108957,0.021293187,8
GNN,hybrid,,,1,2,1q⊗2t,7,0.554802968,0.021858232,8
GNN,hybrid,,,1,2,1q⊗2t,8,0.571036078,0.022085065,7
GNN,hybrid,,,1,2,1q⊗2t,9,0.589407588,0.021067176,7
GNN,hybrid,,,1,2,1q⊗2t,10,0.598167236,0.026024187,7
GNN,hybrid,,,1,2,1q⊗2t,11,0.612894478,0.02262654,6
GNN,hybrid,,,1,2,1q⊗2t,12,0.622858311,0.024679691,6
GNN,hybrid,,,1,2,1q⊗2t,13,0.627045033,0.024850621,6
GNN,hybrid,,,1,2,1q⊗2t,14,0.641857295,0.022465996,6
GNN,hybrid,,,1,2,1q⊗2t,15,0.646770569,0.023056363,6
GNN,hybrid,,,1,2,1q⊗2t,16,0.653932186,0.024727051,6
GNN,hybrid,,,1,2,1q⊗2t,17,0.661927953,0.024728564,6
GNN,hybrid,,,1,2,1q⊗2t,18,0.670943492,0.023104611,6
GNN,hybrid,,,1,2,1q⊗2t,19,0.685460019,0.022973418,6
GNN,hybrid,,,1,2,1q⊗2t,20,0.69283654,0.024639544,6
GNN,hybrid,,,1,2,1q⊗2t,21,0.695138811,0.026673494,5
GNN,hybrid,,,1,2,1q⊗2t,22,0.701551883,0.024977708,5
GNN,hybrid,,,1,2,1q⊗2t,23,0.708923579,0.021250957,5
GNN,hybrid,,,1,2,1q⊗2t,24,0.712777255,0.02178745,5
GNN,hybrid,,,1,2,1q⊗2t,25,0.719773598,0.020433592,5
GNN,hybrid,,,1,2,1q⊗2t,26,0.730148445,0.019391367,5
GNN,hybrid,,,1,2,1q⊗2t,27,0.73469326,0.018495056,5
GNN,hybrid,,,1,2,1q⊗2t,28,0.747091207,0.013461341,5
GNN,hybrid,,,1,2,1q⊗2t,29,0.751466524,0.012308154,5
GNN,hybrid,,,1,2,1q⊗2t,30,0.754335875,0.011870168,5
GNN,hybrid,,,1,2,1q⊗2t,31,0.758337546,0.009456973,5
GNN,hybrid,,,1,2,1q⊗2t,32,0.767616443,0.011620373,5
GNN,hybrid,,,1,2,1q⊗2t,33,0.770693889,0.011908876,5
GNN,hybrid,,,1,2,1q⊗2t,34,0.774160615,0.011620322,5
GNN,hybrid,,,1,2,1q⊗2t,35,0.780607991,0.011366292,5
GNN,hybrid,,,1,2,1q⊗2t,36,0.798579061,0.011249751,4
GNN,hybrid,,,1,2,1q⊗2t,37,0.808256993,0.011963405,4
GNN,hybrid,,,1,2,1q⊗2t,38,0.819287866,0.013787256,4
GNN,hybrid,,,1,2,1q⊗2t,39,0.827972312,0.011933935,4
GNN,hybrid,,,1,2,1q⊗2t,40,0.83799844,0.010962687,4
GNN,hybrid,,,1,2,1q⊗2t,41,0.840603013,0.012285815,4
GNN,hybrid,,,1,2,1q⊗2t,42,0.851230479,0.011696329,4
GNN,hybrid,,,1,2,1q⊗2t,43,0.859215903,0.011742107,4
GNN,hybrid,,,1,2,1q⊗2t,44,0.863244229,0.009290973,4
GNN,hybrid,,,1,2,1q⊗2t,45,0.869303778,0.008665112,4
GNN,hybrid,,,1,2,1q⊗2t,46,0.873888434,0.010299312,4
GNN,hybrid,,,1,2,1q⊗2t,47,0.878440485,0.008756482,4
GNN,hybrid,,,1,2,1q⊗2t,48,0.885858929,0.011284622,4
GNN,hybrid,,,1,2,1q⊗2t,49,0.894896141,0.011335443,4
GNN,hybrid,,,1,2,1q⊗2t,50,0.899272277,0.012959718,4
GNN,hybrid,,,1,2,1q⊗2t,51,0.906822499,0.014678973,4
GNN,hybrid,,,1,2,1q⊗2t,52,0.913801699,0.015649878,4
GNN,hybrid,,,1,2,1q⊗2t,53,0.918049867,0.013115105,4
GNN,hybrid,,,1,2,1q⊗2t,54,0.920910041,0.011625288,4
GNN,hybrid,,,1,2,1q⊗2t,55,0.929141921,0.015745874,4
GNN,hybrid,,,1,2,1q⊗2t,56,0.93525315,0.015774427,4
GNN,hybrid,,,1,2,1q⊗2t,57,0.939668444,0.008921453,4
GNN,hybrid,,,1,2,1q⊗2t,58,0.947050204,0.011924023,4
GNN,hybrid,,,1,2,1q⊗2t,59,0.959044086,0.005118985,3
GNN,hybrid,,,1,2,1q⊗2t,60,0.969044086,0.005118984,3
GNN,hybrid,,,1,2,1q⊗2t,61,0.979044086,0.005118985,3
GNN,hybrid,,,1,2,1q⊗2t,62,0.989344086,0.005118987,2
GNN,hybrid,,,1,2,1q⊗2t,63,0.996440864,0.005118984,2
GNN,hybrid,,,1,2,1q⊗2t,64,0.999440865,0.005118986,1
GNN,hybrid,,,2,1,2q⊗1t,1,0.4786693,0.013387991,11
GNN,hybrid,,,2,1,2q⊗1t,2,0.531381765,0.018724222,7
GNN,hybrid,,,2,1,2q⊗1t,3,0.579453538,0.02093389,7
GNN,hybrid,,,2,1,2q⊗1t,4,0.612338455,0.020787367,7
GNN,hybrid,,,2,1,2q⊗1t,5,0.643052332,0.01814691,6
GNN,hybrid,,,2,1,2q⊗1t,6,0.66785838,0.015015754,6
GNN,hybrid,,,2,1,2q⊗1t,7,0.686995543,0.014457391,6
GNN,hybrid,,,2,1,2q⊗1t,8,0.704202896,0.012067561,5
GNN,hybrid,,,2,1,2q⊗1t,9,0.706506878,0.013332526,4
GNN,hybrid,,,2,1,2q⊗1t,10,0.711537402,0.015815519,4
GNN,hybrid,,,2,1,2q⊗1t,11,0.723460727,0.015385241,4
GNN,hybrid,,,2,1,2q⊗1t,12,0.7321735,0.015420373,4
GNN,hybrid,,,2,1,2q⊗1t,13,0.739505143,0.014629032,4
GNN,hybrid,,,2,1,2q⊗1t,14,0.751803076,0.022114109,4
GNN,hybrid,,,2,1,2q⊗1t,15,0.768972559,0.017618367,4
GNN,hybrid,,,2,1,2q⊗1t,16,0.779665342,0.019814916,4
GNN,hybrid,,,2,1,2q⊗1t,17,0.788818165,0.025032313,4
GNN,hybrid,,,2,1,2q⊗1t,18,0.805265244,0.012136668,4
GNN,hybrid,,,2,1,2q⊗1t,19,0.810632305,0.015066518,4
GNN,hybrid,,,2,1,2q⊗1t,20,0.821846068,0.01255578,4
GNN,hybrid,,,2,1,2q⊗1t,21,0.832135926,0.012504437,3
GNN,hybrid,,,2,1,2q⊗1t,22,0.84343179,0.018606183,3
GNN,hybrid,,,2,1,2q⊗1t,23,0.854139914,0.024889445,3
GNN,hybrid,,,2,1,2q⊗1t,24,0.867487165,0.030131858,3
GNN,hybrid,,,2,1,2q⊗1t,25,0.878236557,0.029930094,3
GNN,hybrid,,,2,1,2q⊗1t,26,0.890558547,0.028756206,3
GNN,hybrid,,,2,1,2q⊗1t,27,0.919867488,0.024090187,3
GNN,hybrid,,,2,1,2q⊗1t,28,0.925493715,0.02645202,3
GNN,hybrid,,,2,1,2q⊗1t,29,0.935493715,0.026452021,3
GNN,hybrid,,,2,1,2q⊗1t,30,0.94937149,0.02645202,3
GNN,hybrid,,,2,1,2q⊗1t,31,0.957493715,0.026452019,3
GNN,hybrid,,,2,1,2q⊗1t,32,0.968659695,0.017357235,3
GNN,hybrid,,,2,1,2q⊗1t,33,0.979659695,0.017357234,2
GNN,hybrid,,,2,1,2q⊗1t,34,0.989976597,0.017357235,2
ILP,qubit,2,2,2,0,,1,0.788913252,0.030085445,3
ILP,qubit,2,2,2,0,,2,0.845562116,0.025906111,3
ILP,qubit,2,2,2,0,,3,0.894886536,0.026718963,3
ILP,qubit,2,2,2,0,,4,0.951770596,0.022261291,3
ILP,qubit,2,2,2,0,,5,1.000000001,2.35E-09,3
ILP,qubit,2,3,3,0,,1,0.593545599,0.037758527,7
ILP,qubit,2,3,3,0,,2,0.653729643,0.048718988,7
ILP,qubit,2,3,3,0,,3,0.706015169,0.049619341,7
ILP,qubit,2,3,3,0,,4,0.749009343,0.051426997,7
ILP,qubit,2,3,3,0,,5,0.814691546,0.032488759,7
ILP,qubit,2,3,3,0,,6,0.869249756,0.038090918,7
ILP,qubit,2,3,3,0,,7,0.912329391,0.058305327,7
ILP,qubit,2,3,3,0,,8,0.968621702,0.050107109,7
ILP,qubit,2,3,3,0,,9,0.998062657,0.048273606,7
ILP,qubit,2,4,4,0,,1,0.433264621,0.020987487,15
ILP,qubit,2,4,4,0,,2,0.485871951,0.026038727,15
ILP,qubit,2,4,4,0,,3,0.529934673,0.022094738,15
ILP,qubit,2,4,4,0,,4,0.561545786,0.020075263,15
ILP,qubit,2,4,4,0,,5,0.60575368,0.024987153,15
ILP,qubit,2,4,4,0,,6,0.657983532,0.022205963,15
ILP,qubit,2,4,4,0,,7,0.697062117,0.019020923,15
ILP,qubit,2,4,4,0,,8,0.736307917,0.01475087,15
ILP,qubit,2,4,4,0,,9,0.768732368,0.022347533,15
ILP,qubit,2,4,4,0,,10,0.78675633,0.01972249,15
ILP,qubit,2,4,4,0,,11,0.816943108,0.021173963,15
ILP,qubit,2,4,4,0,,12,0.831894823,0.018729979,15
ILP,qubit,2,4,4,0,,13,0.85350411,0.01651078,15
ILP,qubit,2,4,4,0,,14,0.899228975,0.008209479,15
ILP,qubit,2,4,4,0,,15,0.927115956,0.015338874,15
ILP,qubit,2,4,4,0,,16,0.968246062,0.01526583,15
ILP,qubit,2,4,4,0,,17,0.99702474,0.016686883,15
ILP,qutrit,3,2,0,2,,1,0.58991529,0.025594192,8
ILP,qutrit,3,2,0,2,,2,0.628756593,0.019067979,5
ILP,qutrit,3,2,0,2,,3,0.642599292,0.020897524,5
ILP,qutrit,3,2,0,2,,4,0.665576884,0.022089619,3
ILP,qutrit,3,2,0,2,,5,0.683128514,0.020872715,3
ILP,qutrit,3,2,0,2,,6,0.714356645,0.023160333,3
ILP,qutrit,3,2,0,2,,7,0.739580012,0.023729767,3
ILP,qutrit,3,2,0,2,,8,0.768467562,0.023090385,3
ILP,qutrit,3,2,0,2,,9,0.781947681,0.025134382,3
ILP,qutrit,3,2,0,2,,10,0.814826945,0.025314966,3
ILP,qutrit,3,2,0,2,,11,0.835485083,0.025461778,3
ILP,qutrit,3,2,0,2,,12,0.85749174,0.026236374,3
ILP,qutrit,3,2,0,2,,13,0.889496802,0.0261629,3
ILP,qutrit,3,2,0,2,,14,0.905050292,0.027299081,2
ILP,qutrit,3,2,0,2,,15,0.915115949,0.024658883,2
ILP,qutrit,3,2,0,2,,16,0.925189875,0.025459577,2
ILP,qutrit,3,2,0,2,,17,0.935276953,0.02532572,2
ILP,qutrit,3,2,0,2,,18,0.945358919,0.025059073,2
ILP,qutrit,3,2,0,2,,19,0.953757984,0.025625743,2
ILP,qutrit,3,2,0,2,,20,0.965403871,0.025693752,2
ILP,qutrit,3,2,0,2,,21,0.97544059,0.028229355,2
ILP,qutrit,3,2,0,2,,22,0.98544059,0.028229353,2
ILP,qutrit,3,2,0,2,,23,0.990549385,0.027356702,2
ILP,qutrit,3,2,0,2,,24,0.993556479,0.024089178,2
ILP,qutrit,3,2,0,2,,25,0.995589918,0.023675597,2
ILP,qutrit,3,2,0,2,,26,0.997563733,0.023163697,2
ILP,qutrit,3,2,0,2,,27,0.999566631,0.024508341,2
ILP,qutrit,3,2,0,2,,28,0.999757089,0.023687458,2
ILP,qutrit,3,2,0,2,,29,0.999857394,0.024572961,2
ILP,hybrid,,,1,1,1q⊗1t,1,0.676648423,0.032254473,5
ILP,hybrid,,,1,1,1q⊗1t,2,0.739172953,0.031760417,4
ILP,hybrid,,,1,1,1q⊗1t,3,0.768011332,0.023778225,4
ILP,hybrid,,,1,1,1q⊗1t,4,0.791052591,0.019947408,3
ILP,hybrid,,,1,1,1q⊗1t,5,0.83968012,0.034501364,3
ILP,hybrid,,,1,1,1q⊗1t,6,0.862392193,0.030541226,2
ILP,hybrid,,,1,1,1q⊗1t,7,0.889781148,0.02689748,2
ILP,hybrid,,,1,1,1q⊗1t,8,0.909735917,0.04528779,2
ILP,hybrid,,,1,1,1q⊗1t,9,0.920842912,0.050322721,2
ILP,hybrid,,,1,1,1q⊗1t,10,0.942682583,0.036360209,2
ILP,hybrid,,,1,1,1q⊗1t,11,0.964891923,0.038476216,2
ILP,hybrid,,,1,1,1q⊗1t,12,0.986591961,0.027012494,2
ILP,hybrid,,,1,1,1q⊗1t,13,1.00000001,5.51E-09,2
ILP,hybrid,,,1,2,1q⊗2t,1,0.407619004,0.019776229,17
ILP,hybrid,,,1,2,1q⊗2t,2,0.451976004,0.019420061,12
ILP,hybrid,,,1,2,1q⊗2t,3,0.482974877,0.01383596,12
ILP,hybrid,,,1,2,1q⊗2t,4,0.510387404,0.010074949,12
ILP,hybrid,,,1,2,1q⊗2t,5,0.535617606,0.018103087,12
ILP,hybrid,,,1,2,1q⊗2t,6,0.557533842,0.012825744,12
ILP,hybrid,,,1,2,1q⊗2t,7,0.578935933,0.017047876,12
ILP,hybrid,,,1,2,1q⊗2t,8,0.584516733,0.017119201,8
ILP,hybrid,,,1,2,1q⊗2t,9,0.593692081,0.018697914,8
ILP,hybrid,,,1,2,1q⊗2t,10,0.609915873,0.021569549,8
ILP,hybrid,,,1,2,1q⊗2t,11,0.613761079,0.020242845,8
ILP,hybrid,,,1,2,1q⊗2t,12,0.619272382,0.021599546,6
ILP,hybrid,,,1,2,1q⊗2t,13,0.62714256,0.020935675,6
ILP,hybrid,,,1,2,1q⊗2t,14,0.630619334,0.019095497,6
ILP,hybrid,,,1,2,1q⊗2t,15,0.638406681,0.019798663,6
ILP,hybrid,,,1,2,1q⊗2t,16,0.64709466,0.018181688,5
ILP,hybrid,,,1,2,1q⊗2t,17,0.656208146,0.019946106,5
ILP,hybrid,,,1,2,1q⊗2t,18,0.660569293,0.022842694,5
ILP,hybrid,,,1,2,1q⊗2t,19,0.671570933,0.024386183,5
ILP,hybrid,,,1,2,1q⊗2t,20,0.68570933,0.024386183,5
ILP,hybrid,,,1,2,1q⊗2t,21,0.695845272,0.022180532,5
ILP,hybrid,,,1,2,1q⊗2t,22,0.706594317,0.021329389,5
ILP,hybrid,,,1,2,1q⊗2t,23,0.713579323,0.02855316,5
ILP,hybrid,,,1,2,1q⊗2t,24,0.720703242,0.025678026,5
ILP,hybrid,,,1,2,1q⊗2t,25,0.737932011,0.026339643,5
ILP,hybrid,,,1,2,1q⊗2t,26,0.747963479,0.025843178,5
ILP,hybrid,,,1,2,1q⊗2t,27,0.753066003,0.020767833,5
ILP,hybrid,,,1,2,1q⊗2t,28,0.759943188,0.021404552,5
ILP,hybrid,,,1,2,1q⊗2t,29,0.768052548,0.021480677,4
ILP,hybrid,,,1,2,1q⊗2t,30,0.770839042,0.020174885,4
ILP,hybrid,,,1,2,1q⊗2t,31,0.783926795,0.02296225,4
ILP,hybrid,,,1,2,1q⊗2t,32,0.794152937,0.02350493,4
ILP,hybrid,,,1,2,1q⊗2t,33,0.807443373,0.02185538,4
ILP,hybrid,,,1,2,1q⊗2t,34,0.817504079,0.018211339,4
ILP,hybrid,,,1,2,1q⊗2t,35,0.827566132,0.019557919,4
ILP,hybrid,,,1,2,1q⊗2t,36,0.837651369,0.022102391,4
ILP,hybrid,,,1,2,1q⊗2t,37,0.847737256,0.022309289,4
ILP,hybrid,,,1,2,1q⊗2t,38,0.857819913,0.023082362,4
ILP,hybrid,,,1,2,1q⊗2t,39,0.867911658,0.025675346,4
ILP,hybrid,,,1,2,1q⊗2t,40,0.870997423,0.022010462,4
ILP,hybrid,,,1,2,1q⊗2t,41,0.882083997,0.020128705,4
ILP,hybrid,,,1,2,1q⊗2t,42,0.89311291,0.020288658,4
ILP,hybrid,,,1,2,1q⊗2t,43,0.904921885,0.026558713,4
ILP,hybrid,,,1,2,1q⊗2t,44,0.916217266,0.028758084,4
ILP,hybrid,,,1,2,1q⊗2t,45,0.927308652,0.027134861,4
ILP,hybrid,,,1,2,1q⊗2t,46,0.938419688,0.028210263,4
ILP,hybrid,,,1,2,1q⊗2t,47,0.940840783,0.026592935,4
ILP,hybrid,,,1,2,1q⊗2t,48,0.952840783,0.026592936,4
ILP,hybrid,,,1,2,1q⊗2t,49,0.96484973,0.02399793,4
ILP,hybrid,,,1,2,1q⊗2t,50,0.97484973,0.02399793,4
ILP,hybrid,,,1,2,1q⊗2t,51,0.979563297,0.025486754,2
ILP,hybrid,,,1,2,1q⊗2t,52,0.980658263,0.021757219,2
ILP,hybrid,,,1,2,1q⊗2t,53,0.985799255,0.015082807,2
ILP,hybrid,,,1,2,1q⊗2t,54,0.987491155,0.013228245,2
ILP,hybrid,,,1,2,1q⊗2t,55,0.989958376,0.010315544,1
ILP,hybrid,,,1,2,1q⊗2t,56,0.990936531,0.014589461,1
ILP,hybrid,,,1,2,1q⊗2t,57,0.99840114,0.014589458,1
ILP,hybrid,,,2,1,2q⊗1t,1,0.50829991,0.03869273,11
ILP,hybrid,,,2,1,2q⊗1t,2,0.566354534,0.039960324,10
ILP,hybrid,,,2,1,2q⊗1t,3,0.602147804,0.041745022,10
ILP,hybrid,,,2,1,2q⊗1t,4,0.639632676,0.039747038,10
ILP,hybrid,,,2,1,2q⊗1t,5,0.681648511,0.030666856,8
ILP,hybrid,,,2,1,2q⊗1t,6,0.7096225,0.034465035,8
ILP,hybrid,,,2,1,2q⊗1t,7,0.731608727,0.026008152,8
ILP,hybrid,,,2,1,2q⊗1t,8,0.754188618,0.021561949,6
ILP,hybrid,,,2,1,2q⊗1t,9,0.775333597,0.025459321,6
ILP,hybrid,,,2,1,2q⊗1t,10,0.807735687,0.019695084,5
ILP,hybrid,,,2,1,2q⊗1t,11,0.819771133,0.021161884,5
ILP,hybrid,,,2,1,2q⊗1t,12,0.837846121,0.017990051,5
ILP,hybrid,,,2,1,2q⊗1t,13,0.857975568,0.010714841,5
ILP,hybrid,,,2,1,2q⊗1t,14,0.879050843,0.009733671,4
ILP,hybrid,,,2,1,2q⊗1t,15,0.908115343,0.008174841,4
ILP,hybrid,,,2,1,2q⊗1t,16,0.915825131,0.008591736,4
ILP,hybrid,,,2,1,2q⊗1t,17,0.928383476,0.012383235,4
ILP,hybrid,,,2,1,2q⊗1t,18,0.948485987,0.017146932,4
ILP,hybrid,,,2,1,2q⊗1t,19,0.958605224,0.026556373,3
ILP,hybrid,,,2,1,2q⊗1t,20,0.968348044,0.024002468,3
ILP,hybrid,,,2,1,2q⊗1t,21,0.971372504,0.017798485,3
ILP,hybrid,,,2,1,2q⊗1t,22,0.980839123,0.013994335,2
ILP,hybrid,,,2,1,2q⊗1t,23,0.985783912,0.013994333,2
ILP,hybrid,,,2,1,2q⊗1t,24,0.990783912,0.013994332,1
ILP,hybrid,,,2,1,2q⊗1t,25,0.997839123,0.013994338,1
